realization_id,priestley_taylor_alpha-snow,priestley_taylor_alpha-transpiration,snowmelt_rate,snowmelt_degree_diff,perm_s3,perm_s4,perm_g1,perm_g4
51,0.5953124999999999,1.1859375,1.56265625,4.5625,-12.366215388637482,-11.667971658325914,-12.469062917381596,-13.59375
52,0.7078125,0.6234375,3.1039062500000005,4.0625,-12.616215388637482,-11.917971658325914,-13.219062917381596,-12.84375
53,1.1578125,1.0734374999999998,5.15890625,2.0625,-11.616215388637482,-10.917971658325914,-12.219062917381596,-13.84375
54,0.9328124999999998,0.3984375,2.07640625,3.0625,-11.116215388637482,-10.417971658325914,-12.719062917381596,-13.34375
55,0.4828125,0.8484375,4.13140625,1.0625,-12.116215388637482,-11.417971658325914,-11.719062917381596,-12.34375
56,0.4265624999999999,0.6796875,2.33328125,2.3125,-10.741215388637482,-11.792971658325914,-13.094062917381596,-12.96875
57,0.8765624999999999,1.1296875,4.38828125,4.3125,-11.741215388637482,-10.792971658325914,-12.094062917381596,-13.96875
58,1.1015625,0.4546874999999999,3.3607812500000005,1.3125,-12.241215388637482,-11.292971658325914,-12.594062917381596,-13.46875
59,0.6515624999999999,0.9046875,5.41578125,3.3125,-11.241215388637482,-12.292971658325914,-11.594062917381596,-12.46875
60,0.5390625,0.3421875,3.87453125,3.8125,-11.491215388637482,-11.542971658325914,-12.844062917381596,-13.21875
61,0.9890625,0.7921874999999999,1.8195312500000005,1.8125,-12.491215388637482,-10.542971658325914,-11.844062917381596,-12.21875
62,0.7640624999999999,0.5671875,4.90203125,4.8125,-11.991215388637482,-11.042971658325914,-13.344062917381596,-12.71875
63,0.3140624999999999,1.0171875,2.84703125,2.8125,-10.991215388637482,-12.042971658325914,-12.344062917381596,-13.71875
64,0.32109375,0.65859375,4.741484375000001,4.34375,-11.413090388637482,-11.433596658325914,-12.172187917381596,-13.578125
65,0.7710937499999999,1.1085937499999998,2.686484375,2.34375,-12.413090388637482,-10.433596658325914,-13.172187917381596,-12.578125
66,0.99609375,0.43359375,3.713984375,3.34375,-11.913090388637482,-10.933596658325914,-11.672187917381596,-12.078125
67,0.5460937499999999,0.88359375,1.6589843750000002,1.34375,-10.913090388637482,-11.933596658325914,-12.672187917381596,-13.078125
68,0.65859375,0.32109375,3.200234375,1.84375,-11.163090388637482,-11.683596658325914,-11.922187917381596,-12.328125
69,1.1085937499999998,0.7710937499999999,5.255234375000001,3.84375,-12.163090388637482,-10.683596658325914,-12.922187917381596,-13.328125
70,0.88359375,0.5460937499999999,2.172734375,2.84375,-12.663090388637482,-11.183596658325914,-12.422187917381596,-13.828125
71,0.43359375,0.99609375,4.227734375000001,4.84375,-11.663090388637482,-12.183596658325914,-13.422187917381596,-12.828125
72,0.4898437499999999,0.4898437499999999,1.915859375,3.59375,-12.288090388637482,-12.058596658325914,-11.797187917381596,-12.453125
73,0.93984375,0.93984375,3.970859375,1.59375,-11.288090388637482,-11.058596658325914,-12.797187917381596,-13.453125
74,1.16484375,0.71484375,2.943359375,4.59375,-10.788090388637482,-10.558596658325914,-12.297187917381596,-13.953125
75,0.71484375,1.16484375,4.998359375000001,2.59375,-11.788090388637482,-11.558596658325914,-13.297187917381596,-12.953125
76,0.60234375,0.60234375,3.4571093750000004,2.09375,-12.038090388637482,-12.308596658325914,-12.047187917381596,-13.703125
77,1.05234375,1.05234375,1.4021093750000002,4.09375,-11.038090388637482,-11.308596658325914,-13.047187917381596,-12.703125
78,0.82734375,0.37734375,4.484609375,1.09375,-11.538090388637482,-10.808596658325914,-11.547187917381596,-12.203125
79,0.37734375,0.82734375,2.429609375,3.09375,-12.538090388637482,-11.808596658325914,-12.547187917381596,-13.203125
80,0.40546875,0.40546875,4.099296875,2.96875,-10.850590388637482,-11.246096658325914,-13.234687917381596,-12.140625
81,0.85546875,0.85546875,2.044296875,4.96875,-11.850590388637482,-12.246096658325914,-12.234687917381596,-13.140625
82,1.08046875,0.6304687499999999,5.126796875,1.96875,-12.350590388637482,-11.746096658325914,-12.734687917381596,-13.640625
83,0.6304687499999999,1.08046875,3.0717968750000004,3.96875,-11.350590388637482,-10.746096658325914,-11.734687917381596,-12.640625
84,0.74296875,0.74296875,1.5305468750000002,3.46875,-11.600590388637482,-10.996096658325914,-12.984687917381596,-13.890625
85,1.19296875,1.19296875,3.5855468750000004,1.46875,-12.600590388637482,-11.996096658325914,-11.984687917381596,-12.890625
86,0.9679687499999998,0.51796875,2.5580468750000005,4.46875,-12.100590388637482,-11.496096658325914,-13.484687917381596,-12.390625
87,0.51796875,0.9679687499999998,4.613046875,2.46875,-11.100590388637482,-10.496096658325914,-12.484687917381596,-13.390625
88,0.4617187499999999,0.57421875,2.8149218750000005,1.21875,-11.725590388637482,-10.621096658325914,-12.859687917381596,-13.765625
89,0.91171875,1.02421875,4.869921875,3.21875,-10.725590388637482,-11.621096658325914,-11.859687917381596,-12.765625
90,1.13671875,0.3492187499999999,1.7874218750000002,2.21875,-11.225590388637482,-12.121096658325914,-13.359687917381596,-12.265625
91,0.6867187499999999,0.7992187499999999,3.842421875,4.21875,-12.225590388637482,-11.121096658325914,-12.359687917381596,-13.265625
92,0.57421875,0.4617187499999999,5.383671875,4.71875,-12.475590388637482,-10.371096658325914,-13.109687917381596,-12.015625
93,1.02421875,0.91171875,3.3286718750000004,2.71875,-11.475590388637482,-11.371096658325914,-12.109687917381596,-13.015625
94,0.7992187499999999,0.6867187499999999,4.356171875,3.71875,-10.975590388637482,-11.871096658325914,-12.609687917381596,-13.515625
95,0.3492187499999999,1.13671875,2.301171875,1.71875,-11.975590388637482,-10.871096658325914,-11.609687917381596,-12.515625
96,0.33515625,0.4195312499999999,3.007578125,2.40625,-11.694340388637482,-11.089846658325914,-12.703437917381596,-12.796875
97,0.78515625,0.8695312499999999,5.062578125,4.40625,-12.694340388637482,-12.089846658325914,-11.703437917381596,-13.796875
98,1.01015625,0.64453125,1.980078125,1.40625,-12.194340388637482,-11.589846658325914,-13.203437917381596,-13.296875
99,0.5601562499999999,1.09453125,4.035078125,3.40625,-11.194340388637482,-10.589846658325914,-12.203437917381596,-12.296875
100,0.67265625,0.53203125,4.548828125,3.90625,-10.944340388637482,-10.839846658325914,-13.453437917381596,-13.046875
101,1.12265625,0.98203125,2.4938281250000003,1.90625,-11.944340388637482,-11.839846658325914,-12.453437917381596,-12.046875
102,0.8976562499999998,0.30703125,3.521328125,4.90625,-12.444340388637482,-11.339846658325914,-12.953437917381596,-12.546875
103,0.44765625,0.7570312499999999,1.4663281250000002,2.90625,-11.444340388637482,-10.339846658325914,-11.953437917381596,-13.546875
104,0.50390625,0.7007812499999999,3.778203125,1.65625,-12.569340388637482,-10.714846658325914,-13.328437917381596,-13.171875
105,0.95390625,1.15078125,1.7232031250000002,3.65625,-11.569340388637482,-11.714846658325914,-12.328437917381596,-12.171875
106,1.1789062499999998,0.4757812499999999,4.805703125000001,2.65625,-11.069340388637482,-12.214846658325914,-12.828437917381596,-12.671875
107,0.7289062499999999,0.92578125,2.750703125,4.65625,-12.069340388637482,-11.214846658325914,-11.828437917381596,-13.671875
108,0.6164062499999999,0.36328125,2.2369531250000003,4.15625,-11.819340388637482,-10.464846658325914,-12.578437917381596,-12.921875
109,1.06640625,0.81328125,4.291953125000001,2.15625,-10.819340388637482,-11.464846658325914,-11.578437917381596,-13.921875
110,0.8414062499999999,0.58828125,3.264453125,3.15625,-11.319340388637482,-11.964846658325914,-13.078437917381596,-13.421875
111,0.3914062499999999,1.0382812499999998,5.319453125000001,1.15625,-12.319340388637482,-10.964846658325914,-12.078437917381596,-12.421875
112,0.36328125,0.6164062499999999,1.851640625,4.78125,-11.131840388637482,-11.527346658325914,-11.640937917381596,-13.484375
113,0.81328125,1.06640625,3.906640625,2.78125,-12.131840388637482,-10.527346658325914,-12.640937917381596,-12.484375
114,1.0382812499999998,0.3914062499999999,2.879140625,3.78125,-12.631840388637482,-11.027346658325914,-12.140937917381596,-12.984375
115,0.58828125,0.8414062499999999,4.934140625,1.78125,-11.631840388637482,-12.027346658325914,-13.140937917381596,-13.984375
116,0.7007812499999999,0.50390625,4.4203906250000005,1.28125,-11.381840388637482,-11.777346658325914,-12.390937917381596,-12.734375
117,1.15078125,0.95390625,2.3653906250000003,3.28125,-12.381840388637482,-10.777346658325914,-13.390937917381596,-13.734375
118,0.92578125,0.7289062499999999,5.447890625,2.28125,-11.881840388637482,-11.277346658325914,-11.890937917381596,-13.234375
119,0.4757812499999999,1.1789062499999998,3.392890625,4.28125,-10.881840388637482,-12.277346658325914,-12.890937917381596,-12.234375
120,0.4195312499999999,0.33515625,5.191015625,3.03125,-12.006840388637482,-11.902346658325914,-12.265937917381596,-12.609375
121,0.8695312499999999,0.78515625,3.136015625,1.03125,-11.006840388637482,-10.902346658325914,-13.265937917381596,-13.609375
122,1.09453125,0.5601562499999999,4.1635156250000005,4.03125,-11.506840388637482,-10.402346658325914,-11.765937917381596,-13.109375
123,0.64453125,1.01015625,2.108515625,2.03125,-12.506840388637482,-11.402346658325914,-12.765937917381596,-12.109375
124,0.53203125,0.67265625,2.6222656250000003,2.53125,-12.256840388637482,-12.152346658325914,-11.515937917381596,-13.359375
125,0.98203125,1.12265625,4.677265625,4.53125,-11.256840388637482,-11.152346658325914,-12.515937917381596,-12.359375
126,0.7570312499999999,0.44765625,1.5947656250000002,1.53125,-10.756840388637482,-10.652346658325914,-12.015937917381596,-12.859375
127,0.30703125,0.8976562499999998,3.649765625,3.53125,-11.756840388637482,-11.652346658325914,-13.015937917381596,-13.859375
128,0.310546875,0.5988281249999999,2.5741015625,1.765625,-10.905277888637482,-10.972659158325914,-11.773750417381596,-13.5078125
129,0.760546875,1.048828125,4.629101562500001,3.765625,-11.905277888637482,-11.972659158325914,-12.773750417381596,-12.5078125
130,0.9855468749999998,0.3738281249999999,1.5466015625,2.765625,-12.405277888637482,-11.472659158325914,-12.273750417381596,-12.0078125
131,0.535546875,0.8238281249999999,3.6016015625000004,4.765625,-11.405277888637482,-10.472659158325914,-13.273750417381596,-13.0078125
132,0.6480468749999999,0.486328125,5.142851562500001,4.265625,-11.655277888637482,-11.222659158325914,-12.023750417381596,-12.2578125
133,1.098046875,0.936328125,3.0878515625,2.265625,-12.655277888637482,-12.222659158325914,-13.023750417381596,-13.2578125
134,0.873046875,0.7113281249999999,4.115351562500001,3.265625,-12.155277888637482,-11.722659158325914,-11.523750417381596,-13.7578125
135,0.423046875,1.1613281249999998,2.0603515625,1.265625,-11.155277888637482,-10.722659158325914,-12.523750417381596,-12.7578125
136,0.4792968749999999,0.317578125,4.3722265625,2.015625,-11.780277888637482,-10.347659158325914,-12.148750417381596,-12.3828125
137,0.929296875,0.767578125,2.3172265625,4.015625,-10.780277888637482,-11.347659158325914,-13.148750417381596,-13.3828125
138,1.154296875,0.5425781249999999,5.399726562500001,1.015625,-11.280277888637482,-11.847659158325914,-11.648750417381596,-13.8828125
139,0.7042968749999999,0.992578125,3.3447265625,3.015625,-12.280277888637482,-10.847659158325914,-12.648750417381596,-12.8828125
140,0.591796875,0.655078125,1.8034765625,3.515625,-12.530277888637482,-10.597659158325914,-11.898750417381596,-13.6328125
141,1.041796875,1.105078125,3.8584765625,1.515625,-11.530277888637482,-11.597659158325914,-12.898750417381596,-12.6328125
142,0.8167968749999999,0.430078125,2.8309765625,4.515625,-11.030277888637482,-12.097659158325914,-12.398750417381596,-12.1328125
143,0.3667968749999999,0.8800781249999998,4.8859765625,2.515625,-12.030277888637482,-11.097659158325914,-13.398750417381596,-13.1328125
144,0.394921875,0.4582031249999999,2.1887890625,3.390625,-11.342777888637482,-11.660159158325914,-12.836250417381596,-12.1953125
145,0.844921875,0.908203125,4.2437890625,1.390625,-12.342777888637482,-10.660159158325914,-11.836250417381596,-13.1953125
146,1.069921875,0.6832031249999999,3.2162890625000005,4.390625,-11.842777888637482,-11.160159158325914,-13.336250417381596,-13.6953125
147,0.619921875,1.133203125,5.271289062500001,2.390625,-10.842777888637482,-12.160159158325914,-12.336250417381596,-12.6953125
148,0.732421875,0.570703125,3.7300390625,2.890625,-11.092777888637482,-11.410159158325914,-13.086250417381596,-13.9453125
149,1.182421875,1.0207031249999998,1.6750390625000002,4.890625,-12.092777888637482,-10.410159158325914,-12.086250417381596,-12.9453125
150,0.957421875,0.345703125,4.7575390625,1.890625,-12.592777888637482,-10.910159158325914,-12.586250417381596,-12.4453125
151,0.5074218749999999,0.795703125,2.7025390625000005,3.890625,-11.592777888637482,-11.910159158325914,-11.586250417381596,-13.4453125
152,0.451171875,0.7394531249999999,4.5006640625,4.640625,-12.217777888637482,-12.285159158325914,-13.211250417381596,-13.8203125
153,0.901171875,1.189453125,2.4456640625,2.640625,-11.217777888637482,-11.285159158325914,-12.211250417381596,-12.8203125
154,1.1261718749999998,0.514453125,3.4731640625000004,3.640625,-10.717777888637482,-10.785159158325914,-12.711250417381596,-12.3203125
155,0.676171875,0.964453125,1.4181640625,1.640625,-11.717777888637482,-11.785159158325914,-11.711250417381596,-13.3203125
156,0.563671875,0.4019531249999999,2.9594140625000005,1.140625,-11.967777888637482,-12.035159158325914,-12.961250417381596,-12.0703125
157,1.013671875,0.8519531249999999,5.0144140625,3.140625,-10.967777888637482,-11.035159158325914,-11.961250417381596,-13.0703125
158,0.7886718749999999,0.626953125,1.9319140625,2.140625,-11.467777888637482,-10.535159158325914,-13.461250417381596,-13.5703125
159,0.3386718749999999,1.076953125,3.9869140625,4.140625,-12.467777888637482,-11.535159158325914,-12.461250417381596,-12.5703125
160,0.352734375,0.359765625,5.463945312500001,3.953125,-11.186527888637482,-11.816409158325914,-13.367500417381596,-12.8515625
161,0.802734375,0.809765625,3.4089453125,1.953125,-12.186527888637482,-10.816409158325914,-12.367500417381596,-13.8515625
162,1.027734375,0.584765625,4.4364453125,4.953125,-12.686527888637482,-11.316409158325914,-12.867500417381596,-13.3515625
163,0.5777343749999999,1.034765625,2.3814453125000004,2.953125,-11.686527888637482,-12.316409158325914,-11.867500417381596,-12.3515625
164,0.690234375,0.697265625,2.8951953125000003,2.453125,-11.436527888637482,-11.566409158325914,-12.617500417381596,-13.1015625
165,1.140234375,1.147265625,4.9501953125,4.453125,-12.436527888637482,-10.566409158325914,-11.617500417381596,-12.1015625
166,0.9152343749999998,0.4722656249999999,1.8676953125,1.453125,-11.936527888637482,-11.066409158325914,-13.117500417381596,-12.6015625
167,0.465234375,0.922265625,3.9226953125,3.453125,-10.936527888637482,-12.066409158325914,-12.117500417381596,-13.6015625
168,0.521484375,0.5285156249999999,1.6108203125,4.203125,-12.061527888637482,-12.191409158325914,-12.742500417381596,-13.2265625
169,0.971484375,0.978515625,3.6658203125,2.203125,-11.061527888637482,-11.191409158325914,-11.742500417381596,-12.2265625
170,1.1964843749999998,0.303515625,2.6383203125000003,3.203125,-11.561527888637482,-10.691409158325914,-13.242500417381596,-12.7265625
171,0.7464843749999999,0.7535156249999999,4.693320312500001,1.203125,-12.561527888637482,-11.691409158325914,-12.242500417381596,-13.7265625
172,0.6339843749999999,0.416015625,4.1795703125,1.703125,-12.311527888637482,-11.941409158325914,-13.492500417381596,-12.9765625
173,1.083984375,0.866015625,2.1245703125000004,3.703125,-11.311527888637482,-10.941409158325914,-12.492500417381596,-13.9765625
174,0.8589843749999999,0.641015625,5.207070312500001,2.703125,-10.811527888637482,-10.441409158325914,-12.992500417381596,-13.4765625
175,0.4089843749999999,1.0910156249999998,3.1520703125,4.703125,-11.811527888637482,-11.441409158325914,-11.992500417381596,-12.4765625
176,0.380859375,0.6691406249999999,3.5373828125,1.328125,-11.624027888637482,-10.878909158325914,-12.305000417381596,-13.4140625
177,0.830859375,1.119140625,1.4823828125,3.328125,-12.624027888637482,-11.878909158325914,-13.305000417381596,-12.4140625
178,1.0558593749999998,0.4441406249999999,4.5648828125000005,2.328125,-12.124027888637482,-11.378909158325914,-11.805000417381596,-12.9140625
179,0.605859375,0.8941406249999999,2.5098828125,4.328125,-11.124027888637482,-10.378909158325914,-12.805000417381596,-13.9140625
180,0.7183593749999999,0.3316406249999999,1.9961328125,4.828125,-10.874027888637482,-11.128909158325914,-11.555000417381596,-12.6640625
181,1.168359375,0.7816406249999999,4.051132812500001,2.828125,-11.874027888637482,-12.128909158325914,-12.555000417381596,-13.6640625
182,0.943359375,0.556640625,3.0236328125000003,3.828125,-12.374027888637482,-11.628909158325914,-12.055000417381596,-13.1640625
183,0.4933593749999999,1.006640625,5.0786328125,1.828125,-11.374027888637482,-10.628909158325914,-13.055000417381596,-12.1640625
184,0.4371093749999999,0.500390625,3.2805078125,2.578125,-12.499027888637482,-10.503909158325914,-11.680000417381596,-12.5390625
185,0.8871093749999999,0.9503906249999998,5.3355078125,4.578125,-11.499027888637482,-11.503909158325914,-12.680000417381596,-13.5390625
186,1.112109375,0.725390625,2.2530078125,1.578125,-10.999027888637482,-12.003909158325914,-12.180000417381596,-13.0390625
187,0.662109375,1.175390625,4.3080078125000005,3.578125,-11.999027888637482,-11.003909158325914,-13.180000417381596,-12.0390625
188,0.549609375,0.6128906249999999,4.8217578125000005,3.078125,-11.749027888637482,-10.753909158325914,-12.430000417381596,-13.2890625
189,0.999609375,1.062890625,2.7667578125000003,1.078125,-10.749027888637482,-11.753909158325914,-13.430000417381596,-12.2890625
190,0.7746093749999999,0.387890625,3.7942578125,4.078125,-11.249027888637482,-12.253909158325914,-11.930000417381596,-12.7890625
191,0.324609375,0.837890625,1.7392578125,2.078125,-12.249027888637482,-11.253909158325914,-12.930000417381596,-13.7890625
192,0.317578125,0.4792968749999999,3.8263671875,4.609375,-12.202152888637482,-10.582034158325914,-12.570625417381596,-13.9296875
193,0.767578125,0.929296875,1.7713671875,2.609375,-11.202152888637482,-11.582034158325914,-11.570625417381596,-12.9296875
194,0.992578125,0.7042968749999999,4.853867187500001,3.609375,-11.702152888637482,-12.082034158325914,-13.070625417381596,-12.4296875
195,0.5425781249999999,1.154296875,2.7988671875,1.609375,-12.702152888637482,-11.082034158325914,-12.070625417381596,-13.4296875
196,0.655078125,0.591796875,2.2851171875,1.109375,-12.452152888637482,-10.332034158325914,-13.320625417381596,-12.1796875
197,1.105078125,1.041796875,4.340117187500001,3.109375,-11.452152888637482,-11.332034158325914,-12.320625417381596,-13.1796875
198,0.8800781249999998,0.3667968749999999,3.3126171875000003,2.109375,-10.952152888637482,-11.832034158325914,-12.820625417381596,-13.6796875
199,0.430078125,0.8167968749999999,5.3676171875000005,4.109375,-11.952152888637482,-10.832034158325914,-11.820625417381596,-12.6796875
200,0.486328125,0.6480468749999999,3.0557421875,3.359375,-11.077152888637482,-11.207034158325914,-13.445625417381596,-12.0546875
201,0.936328125,1.098046875,5.1107421875000005,1.359375,-12.077152888637482,-12.207034158325914,-12.445625417381596,-13.0546875
202,1.1613281249999998,0.423046875,2.0282421875,4.359375,-12.577152888637482,-11.707034158325914,-12.945625417381596,-13.5546875
203,0.7113281249999999,0.873046875,4.0832421875,2.359375,-11.577152888637482,-10.707034158325914,-11.945625417381596,-12.5546875
204,0.5988281249999999,0.310546875,4.5969921875,2.859375,-11.327152888637482,-10.957034158325914,-12.695625417381596,-13.8046875
205,1.048828125,0.760546875,2.5419921875,4.859375,-12.327152888637482,-11.957034158325914,-11.695625417381596,-12.8046875
206,0.8238281249999999,0.535546875,3.5694921875000003,1.859375,-11.827152888637482,-11.457034158325914,-13.195625417381596,-12.3046875
207,0.3738281249999999,0.9855468749999998,1.5144921875,3.859375,-10.827152888637482,-10.457034158325914,-12.195625417381596,-13.3046875
208,0.4019531249999999,0.563671875,4.982304687500001,2.234375,-12.639652888637482,-12.019534158325914,-11.508125417381596,-12.3671875
209,0.8519531249999999,1.013671875,2.9273046875000004,4.234375,-11.639652888637482,-11.019534158325914,-12.508125417381596,-13.3671875
210,1.076953125,0.3386718749999999,3.9548046875,1.234375,-11.139652888637482,-10.519534158325914,-12.008125417381596,-13.8671875
211,0.626953125,0.7886718749999999,1.8998046875,3.234375,-12.139652888637482,-11.519534158325914,-13.008125417381596,-12.8671875
212,0.7394531249999999,0.451171875,2.4135546875000005,3.734375,-11.889652888637482,-12.269534158325914,-12.258125417381596,-13.6171875
213,1.189453125,0.901171875,4.4685546875,1.734375,-10.889652888637482,-11.269534158325914,-13.258125417381596,-12.6171875
214,0.964453125,0.676171875,1.3860546875000002,4.734375,-11.389652888637482,-10.769534158325914,-11.758125417381596,-12.1171875
215,0.514453125,1.1261718749999998,3.4410546875000003,2.734375,-12.389652888637482,-11.769534158325914,-12.758125417381596,-13.1171875
216,0.4582031249999999,0.394921875,1.6429296875,1.984375,-11.514652888637482,-11.394534158325914,-12.383125417381596,-13.7421875
217,0.908203125,0.844921875,3.6979296875,3.984375,-12.514652888637482,-10.394534158325914,-13.383125417381596,-12.7421875
218,1.133203125,0.619921875,2.6704296875000004,2.984375,-12.014652888637482,-10.894534158325914,-11.883125417381596,-12.2421875
219,0.6832031249999999,1.069921875,4.7254296875,4.984375,-11.014652888637482,-11.894534158325914,-12.883125417381596,-13.2421875
220,0.570703125,0.732421875,4.2116796875,4.484375,-10.764652888637482,-11.644534158325914,-11.633125417381596,-12.4921875
221,1.0207031249999998,1.182421875,2.1566796875,2.484375,-11.764652888637482,-10.644534158325914,-12.633125417381596,-13.4921875
222,0.795703125,0.5074218749999999,5.2391796875,3.484375,-12.264652888637482,-11.144534158325914,-12.133125417381596,-13.9921875
223,0.345703125,0.957421875,3.1841796875000004,1.484375,-11.264652888637482,-12.144534158325914,-13.133125417381596,-12.9921875
224,0.3316406249999999,0.7183593749999999,2.0924609375000003,2.671875,-11.920902888637482,-11.925784158325914,-12.039375417381596,-12.7109375
225,0.7816406249999999,1.168359375,4.1474609375,4.671875,-10.920902888637482,-10.925784158325914,-13.039375417381596,-13.7109375
226,1.006640625,0.4933593749999999,3.1199609375,1.671875,-11.420902888637482,-10.425784158325914,-11.539375417381596,-13.2109375
227,0.556640625,0.943359375,5.1749609375,3.671875,-12.420902888637482,-11.425784158325914,-12.539375417381596,-12.2109375
228,0.6691406249999999,0.380859375,3.6337109375,3.171875,-12.670902888637482,-12.175784158325914,-11.789375417381596,-13.4609375
229,1.119140625,0.830859375,1.5787109375,1.171875,-11.670902888637482,-11.175784158325914,-12.789375417381596,-12.4609375
230,0.8941406249999999,0.605859375,4.6612109375,4.171875,-11.170902888637482,-10.675784158325914,-12.289375417381596,-12.9609375
231,0.4441406249999999,1.0558593749999998,2.6062109375,2.171875,-12.170902888637482,-11.675784158325914,-13.289375417381596,-13.9609375
232,0.500390625,0.4371093749999999,4.918085937500001,1.421875,-10.795902888637482,-11.550784158325914,-11.914375417381596,-13.3359375
233,0.9503906249999998,0.8871093749999999,2.8630859375,3.421875,-11.795902888637482,-10.550784158325914,-12.914375417381596,-12.3359375
234,1.175390625,0.662109375,3.890585937500001,2.421875,-12.295902888637482,-11.050784158325914,-12.414375417381596,-12.8359375
235,0.725390625,1.112109375,1.8355859375,4.421875,-11.295902888637482,-12.050784158325914,-13.414375417381596,-13.8359375
236,0.6128906249999999,0.549609375,3.3768359375,4.921875,-11.545902888637482,-11.800784158325914,-12.164375417381596,-12.5859375
237,1.062890625,0.999609375,5.431835937500001,2.921875,-12.545902888637482,-10.800784158325914,-13.164375417381596,-13.5859375
238,0.837890625,0.324609375,2.3493359375,3.921875,-12.045902888637482,-11.300784158325914,-11.664375417381596,-13.0859375
239,0.387890625,0.7746093749999999,4.404335937500001,1.921875,-11.045902888637482,-12.300784158325914,-12.664375417381596,-12.0859375
240,0.359765625,0.352734375,2.7346484375,4.046875,-12.358402888637482,-10.738284158325914,-13.101875417381596,-13.0234375
241,0.809765625,0.802734375,4.7896484375,2.046875,-11.358402888637482,-11.738284158325914,-12.101875417381596,-12.0234375
242,1.034765625,0.5777343749999999,1.7071484375,3.046875,-10.858402888637482,-12.238284158325914,-12.601875417381596,-12.5234375
243,0.584765625,1.027734375,3.762148437500001,1.046875,-11.858402888637482,-11.238284158325914,-11.601875417381596,-13.5234375
244,0.697265625,0.690234375,5.3033984375,1.546875,-12.108402888637482,-10.488284158325914,-12.851875417381596,-12.7734375
245,1.147265625,1.140234375,3.248398437500001,3.546875,-11.108402888637482,-11.488284158325914,-11.851875417381596,-13.7734375
246,0.922265625,0.465234375,4.2758984375,2.546875,-11.608402888637482,-11.988284158325914,-13.351875417381596,-13.2734375
247,0.4722656249999999,0.9152343749999998,2.2208984375000003,4.546875,-12.608402888637482,-10.988284158325914,-12.351875417381596,-12.2734375
248,0.416015625,0.6339843749999999,4.0190234375000005,3.796875,-11.233402888637482,-11.113284158325914,-12.976875417381596,-12.8984375
249,0.866015625,1.083984375,1.9640234375000003,1.796875,-12.233402888637482,-12.113284158325914,-11.976875417381596,-13.8984375
250,1.0910156249999998,0.4089843749999999,5.0465234375,4.796875,-11.733402888637482,-11.613284158325914,-13.476875417381596,-13.3984375
251,0.641015625,0.8589843749999999,2.9915234375,2.796875,-10.733402888637482,-10.613284158325914,-12.476875417381596,-12.3984375
252,0.5285156249999999,0.521484375,1.4502734375000002,2.296875,-10.983402888637482,-10.863284158325914,-13.226875417381596,-13.1484375
253,0.978515625,0.971484375,3.5052734375,4.296875,-11.983402888637482,-11.863284158325914,-12.226875417381596,-12.1484375
254,0.7535156249999999,0.7464843749999999,2.4777734375,1.296875,-12.483402888637482,-11.363284158325914,-12.726875417381596,-12.6484375
255,0.303515625,1.1964843749999998,4.5327734375,3.296875,-11.483402888637482,-10.363284158325914,-11.726875417381596,-13.6484375
256,0.3052734374999999,0.7482421874999999,4.15548828125,2.1796875,-11.151371638637482,-12.109377908325914,-12.769844167381596,-13.28515625
257,0.7552734374999999,1.1982421875,2.10048828125,4.1796875,-12.151371638637482,-11.109377908325914,-11.769844167381596,-12.28515625
258,0.9802734375,0.5232421875,5.182988281250001,1.1796875,-12.651371638637482,-10.609377908325914,-13.269844167381596,-12.78515625
259,0.5302734375,0.9732421875,3.1279882812500004,3.1796875,-11.651371638637482,-11.609377908325914,-12.269844167381596,-13.78515625
260,0.6427734374999999,0.4107421874999999,1.5867382812500002,3.6796875,-11.401371638637482,-11.859377908325914,-13.019844167381596,-12.53515625
261,1.0927734375,0.8607421874999999,3.64173828125,1.6796875,-12.401371638637482,-10.859377908325914,-12.019844167381596,-13.53515625
262,0.8677734374999999,0.6357421875,2.6142382812500005,4.6796875,-11.901371638637482,-10.359377908325914,-12.519844167381596,-13.03515625
263,0.4177734374999999,1.0857421875,4.66923828125,2.6796875,-10.901371638637482,-11.359377908325914,-11.519844167381596,-12.03515625
264,0.4740234375,0.4669921874999999,2.8711132812500004,1.9296875,-12.026371638637482,-11.734377908325914,-13.144844167381596,-12.66015625
265,0.9240234374999998,0.9169921875,4.92611328125,3.9296875,-11.026371638637482,-10.734377908325914,-12.144844167381596,-13.66015625
266,1.1490234375,0.6919921874999999,1.84361328125,2.9296875,-11.526371638637482,-11.234377908325914,-12.644844167381596,-13.16015625
267,0.6990234375,1.1419921875,3.89861328125,4.9296875,-12.526371638637482,-12.234377908325914,-11.644844167381596,-12.16015625
268,0.5865234374999999,0.5794921875,5.43986328125,4.4296875,-12.276371638637482,-11.484377908325914,-12.894844167381596,-13.41015625
269,1.0365234375,1.0294921874999998,3.3848632812500004,2.4296875,-11.276371638637482,-10.484377908325914,-11.894844167381596,-12.41015625
270,0.8115234375,0.3544921875,4.41236328125,3.4296875,-10.776371638637482,-10.984377908325914,-13.394844167381596,-12.91015625
271,0.3615234375,0.8044921875,2.35736328125,1.4296875,-11.776371638637482,-11.984377908325914,-12.394844167381596,-13.91015625
272,0.3896484375,0.3263671875,4.79767578125,4.5546875,-11.588871638637482,-10.546877908325914,-11.832344167381596,-12.97265625
273,0.8396484375,0.7763671875,2.74267578125,2.5546875,-12.588871638637482,-11.546877908325914,-12.832344167381596,-13.97265625
274,1.0646484374999998,0.5513671874999999,3.77017578125,3.5546875,-12.088871638637482,-12.046877908325914,-12.332344167381596,-13.47265625
275,0.6146484375,1.0013671875,1.71517578125,1.5546875,-11.088871638637482,-11.046877908325914,-13.332344167381596,-12.47265625
276,0.7271484374999999,0.6638671875,3.25642578125,1.0546875,-10.838871638637482,-10.796877908325914,-12.082344167381596,-13.22265625
277,1.1771484375,1.1138671875,5.3114257812500005,3.0546875,-11.838871638637482,-11.796877908325914,-13.082344167381596,-12.22265625
278,0.9521484375,0.4388671875,2.22892578125,2.0546875,-12.338871638637482,-12.296877908325914,-11.582344167381596,-12.72265625
279,0.5021484374999999,0.8888671874999998,4.28392578125,4.0546875,-11.338871638637482,-11.296877908325914,-12.582344167381596,-13.72265625
280,0.4458984374999999,0.6076171874999999,1.97205078125,3.3046875,-12.463871638637482,-10.921877908325914,-12.207344167381596,-13.09765625
281,0.8958984374999999,1.0576171875,4.027050781250001,1.3046875,-11.463871638637482,-11.921877908325914,-13.207344167381596,-12.09765625
282,1.1208984375,0.3826171874999999,2.99955078125,4.3046875,-10.963871638637482,-11.421877908325914,-11.707344167381596,-12.59765625
283,0.6708984375,0.8326171874999999,5.054550781250001,2.3046875,-11.963871638637482,-10.421877908325914,-12.707344167381596,-13.59765625
284,0.5583984375,0.4951171875,3.5133007812500003,2.8046875,-11.713871638637482,-11.171877908325914,-11.957344167381596,-12.84765625
285,1.0083984375,0.9451171875,1.4583007812500002,4.8046875,-10.713871638637482,-12.171877908325914,-12.957344167381596,-13.84765625
286,0.7833984374999999,0.7201171874999999,4.540800781250001,1.8046875,-11.213871638637482,-11.671877908325914,-12.457344167381596,-13.34765625
287,0.3333984375,1.1701171874999998,2.48580078125,3.8046875,-12.213871638637482,-10.671877908325914,-13.457344167381596,-12.34765625
288,0.3474609374999999,0.5091796875,1.77939453125,4.1171875,-10.932621638637482,-10.390627908325914,-12.363594167381596,-12.06640625
289,0.7974609374999999,0.9591796874999998,3.834394531250001,2.1171875,-11.932621638637482,-11.390627908325914,-13.363594167381596,-13.06640625
290,1.0224609375,0.7341796875,2.80689453125,3.1171875,-12.432621638637482,-11.890627908325914,-11.863594167381596,-13.56640625
291,0.5724609375,1.1841796875,4.86189453125,1.1171875,-11.432621638637482,-10.890627908325914,-12.863594167381596,-12.56640625
292,0.6849609375,0.6216796874999999,4.34814453125,1.6171875,-11.682621638637482,-10.640627908325914,-11.613594167381596,-13.81640625
293,1.1349609374999998,1.0716796875,2.2931445312500003,3.6171875,-12.682621638637482,-11.640627908325914,-12.613594167381596,-12.81640625
294,0.9099609375,0.3966796875,5.375644531250001,2.6171875,-12.182621638637482,-12.140627908325914,-12.113594167381596,-12.31640625
295,0.4599609375,0.8466796875,3.32064453125,4.6171875,-11.182621638637482,-11.140627908325914,-13.113594167381596,-13.31640625
296,0.5162109374999999,0.6779296874999999,5.118769531250001,3.8671875,-11.807621638637482,-11.015627908325914,-11.738594167381596,-13.94140625
297,0.9662109375,1.1279296875,3.06376953125,1.8671875,-10.807621638637482,-12.015627908325914,-12.738594167381596,-12.94140625
298,1.1912109375,0.4529296874999999,4.091269531250001,4.8671875,-11.307621638637482,-11.515627908325914,-12.238594167381596,-12.44140625
299,0.7412109375,0.9029296875,2.0362695312500003,2.8671875,-12.307621638637482,-10.515627908325914,-13.238594167381596,-13.44140625
300,0.6287109375,0.3404296874999999,2.55001953125,2.3671875,-12.557621638637482,-11.265627908325914,-12.488594167381596,-12.19140625
301,1.0787109375,0.7904296874999999,4.605019531250001,4.3671875,-11.557621638637482,-12.265627908325914,-13.488594167381596,-13.19140625
302,0.8537109375,0.5654296875,1.5225195312500002,1.3671875,-11.057621638637482,-11.765627908325914,-11.988594167381596,-13.69140625
303,0.4037109375,1.0154296875,3.57751953125,3.3671875,-12.057621638637482,-10.765627908325914,-12.988594167381596,-12.69140625
304,0.3755859374999999,0.5373046874999999,2.93533203125,2.7421875,-11.370121638637482,-12.203127908325914,-13.301094167381596,-13.62890625
305,0.8255859374999999,0.9873046875,4.99033203125,4.7421875,-12.370121638637482,-11.203127908325914,-12.301094167381596,-12.62890625
306,1.0505859375,0.3123046875,1.90783203125,1.7421875,-11.870121638637482,-10.703127908325914,-12.801094167381596,-12.12890625
307,0.6005859375,0.7623046874999999,3.962832031250001,3.7421875,-10.870121638637482,-11.703127908325914,-11.801094167381596,-13.12890625
308,0.7130859374999999,0.4248046875,4.47658203125,3.2421875,-11.120121638637482,-11.953127908325914,-12.551094167381596,-12.37890625
309,1.1630859375,0.8748046875,2.4215820312500003,1.2421875,-12.120121638637482,-10.953127908325914,-11.551094167381596,-13.37890625
310,0.9380859375,0.6498046875,3.44908203125,4.2421875,-12.620121638637482,-10.453127908325914,-13.051094167381596,-13.87890625
311,0.4880859374999999,1.0998046874999998,1.3940820312500002,2.2421875,-11.620121638637482,-11.453127908325914,-12.051094167381596,-12.87890625
312,0.4318359375,0.3685546875,3.70595703125,1.4921875,-12.245121638637482,-11.578127908325914,-12.676094167381596,-12.25390625
313,0.8818359375,0.8185546875,1.6509570312500002,3.4921875,-11.245121638637482,-10.578127908325914,-11.676094167381596,-13.25390625
314,1.1068359375,0.5935546875,4.73345703125,2.4921875,-10.745121638637482,-11.078127908325914,-13.176094167381596,-13.75390625
315,0.6568359374999999,1.0435546875,2.67845703125,4.4921875,-11.745121638637482,-12.078127908325914,-12.176094167381596,-12.75390625
316,0.5443359375,0.7060546875,2.1647070312500003,4.9921875,-11.995121638637482,-11.328127908325914,-13.426094167381596,-13.50390625
317,0.9943359374999998,1.1560546875,4.2197070312500005,2.9921875,-10.995121638637482,-10.328127908325914,-12.426094167381596,-12.50390625
318,0.7693359375,0.4810546874999999,3.19220703125,3.9921875,-11.495121638637482,-10.828127908325914,-12.926094167381596,-12.00390625
319,0.3193359375,0.9310546875,5.24720703125,1.9921875,-12.495121638637482,-11.828127908325914,-11.926094167381596,-13.00390625
320,0.3263671875,0.3896484375,3.4169726562500005,3.4609375,-11.948246638637482,-11.500002908325914,-11.566719167381596,-13.14453125
321,0.7763671875,0.8396484375,5.47197265625,1.4609375,-10.948246638637482,-10.500002908325914,-12.566719167381596,-12.14453125
322,1.0013671875,0.6146484375,2.38947265625,4.4609375,-11.448246638637482,-11.000002908325914,-12.066719167381596,-12.64453125
323,0.5513671874999999,1.0646484374999998,4.44447265625,2.4609375,-12.448246638637482,-12.000002908325914,-13.066719167381596,-13.64453125
324,0.6638671875,0.7271484374999999,4.95822265625,2.9609375,-12.698246638637482,-11.750002908325914,-12.316719167381596,-12.89453125
325,1.1138671875,1.1771484375,2.9032226562500005,4.9609375,-11.698246638637482,-10.750002908325914,-13.316719167381596,-13.89453125
326,0.8888671874999998,0.5021484374999999,3.93072265625,1.9609375,-11.198246638637482,-11.250002908325914,-11.816719167381596,-13.39453125
327,0.4388671875,0.9521484375,1.87572265625,3.9609375,-12.198246638637482,-12.250002908325914,-12.816719167381596,-12.39453125
328,0.4951171875,0.5583984375,3.67384765625,4.7109375,-10.823246638637482,-11.875002908325914,-12.441719167381596,-12.76953125
329,0.9451171875,1.0083984375,1.61884765625,2.7109375,-11.823246638637482,-10.875002908325914,-13.441719167381596,-13.76953125
330,1.1701171874999998,0.3333984375,4.70134765625,3.7109375,-12.323246638637482,-10.375002908325914,-11.941719167381596,-13.26953125
331,0.7201171874999999,0.7833984374999999,2.64634765625,1.7109375,-11.323246638637482,-11.375002908325914,-12.941719167381596,-12.26953125
332,0.6076171874999999,0.4458984374999999,2.13259765625,1.2109375,-11.573246638637482,-12.125002908325914,-11.691719167381596,-13.01953125
333,1.0576171875,0.8958984374999999,4.18759765625,3.2109375,-12.573246638637482,-11.125002908325914,-12.691719167381596,-12.01953125
334,0.8326171874999999,0.6708984375,3.1600976562500005,2.2109375,-12.073246638637482,-10.625002908325914,-12.191719167381596,-12.51953125
335,0.3826171874999999,1.1208984375,5.21509765625,4.2109375,-11.073246638637482,-11.625002908325914,-13.191719167381596,-13.51953125
336,0.4107421874999999,0.6427734374999999,1.49041015625,1.8359375,-12.385746638637482,-11.187502908325914,-12.504219167381596,-12.58203125
337,0.8607421874999999,1.0927734375,3.5454101562500004,3.8359375,-11.385746638637482,-12.187502908325914,-11.504219167381596,-13.58203125
338,1.0857421875,0.4177734374999999,2.51791015625,2.8359375,-10.885746638637482,-11.687502908325914,-13.004219167381596,-13.08203125
339,0.6357421875,0.8677734374999999,4.57291015625,4.8359375,-11.885746638637482,-10.687502908325914,-12.004219167381596,-12.08203125
340,0.7482421874999999,0.3052734374999999,4.05916015625,4.3359375,-12.135746638637482,-10.937502908325914,-13.254219167381596,-13.33203125
341,1.1982421875,0.7552734374999999,2.00416015625,2.3359375,-11.135746638637482,-11.937502908325914,-12.254219167381596,-12.33203125
342,0.9732421875,0.5302734375,5.08666015625,3.3359375,-11.635746638637482,-11.437502908325914,-12.754219167381596,-12.83203125
343,0.5232421875,0.9802734375,3.03166015625,1.3359375,-12.635746638637482,-10.437502908325914,-11.754219167381596,-13.83203125
344,0.4669921874999999,0.4740234375,5.343535156250001,2.0859375,-11.260746638637482,-10.812502908325914,-13.379219167381596,-13.45703125
345,0.9169921875,0.9240234374999998,3.28853515625,4.0859375,-12.260746638637482,-11.812502908325914,-12.379219167381596,-12.45703125
346,1.1419921875,0.6990234375,4.316035156250001,1.0859375,-11.760746638637482,-12.312502908325914,-12.879219167381596,-12.95703125
347,0.6919921874999999,1.1490234375,2.26103515625,3.0859375,-10.760746638637482,-11.312502908325914,-11.879219167381596,-13.95703125
348,0.5794921875,0.5865234374999999,2.77478515625,3.5859375,-11.010746638637482,-10.562502908325914,-12.629219167381596,-12.70703125
349,1.0294921874999998,1.0365234375,4.829785156250001,1.5859375,-12.010746638637482,-11.562502908325914,-11.629219167381596,-13.70703125
350,0.8044921875,0.3615234375,1.7472851562500002,4.5859375,-12.510746638637482,-12.062502908325914,-13.129219167381596,-13.20703125
351,0.3544921875,0.8115234375,3.80228515625,2.5859375,-11.510746638637482,-11.062502908325914,-12.129219167381596,-12.20703125
352,0.3404296874999999,0.6287109375,4.63712890625,1.2734375,-12.166996638637482,-11.281252908325914,-13.035469167381596,-12.48828125
353,0.7904296874999999,1.0787109375,2.5821289062500004,3.2734375,-11.166996638637482,-12.281252908325914,-12.035469167381596,-13.48828125
354,1.0154296875,0.4037109375,3.60962890625,2.2734375,-11.666996638637482,-11.781252908325914,-12.535469167381596,-13.98828125
355,0.5654296875,0.8537109375,1.55462890625,4.2734375,-12.666996638637482,-10.781252908325914,-11.535469167381596,-12.98828125
356,0.6779296874999999,0.5162109374999999,3.0958789062500003,4.7734375,-12.416996638637482,-11.031252908325914,-12.785469167381596,-13.73828125
357,1.1279296875,0.9662109375,5.15087890625,2.7734375,-11.416996638637482,-12.031252908325914,-11.785469167381596,-12.73828125
358,0.9029296875,0.7412109375,2.0683789062500004,3.7734375,-10.916996638637482,-11.531252908325914,-13.285469167381596,-12.23828125
359,0.4529296874999999,1.1912109375,4.12337890625,1.7734375,-11.916996638637482,-10.531252908325914,-12.285469167381596,-13.23828125
360,0.5091796875,0.3474609374999999,2.3252539062500004,2.5234375,-11.041996638637482,-10.656252908325914,-12.910469167381596,-13.61328125
361,0.9591796874999998,0.7974609374999999,4.380253906250001,4.5234375,-12.041996638637482,-11.656252908325914,-11.910469167381596,-12.61328125
362,1.1841796875,0.5724609375,3.35275390625,1.5234375,-12.541996638637482,-12.156252908325914,-13.410469167381596,-12.11328125
363,0.7341796875,1.0224609375,5.407753906250001,3.5234375,-11.541996638637482,-11.156252908325914,-12.410469167381596,-13.11328125
364,0.6216796874999999,0.6849609375,3.86650390625,3.0234375,-11.291996638637482,-10.406252908325914,-13.160469167381596,-12.36328125
365,1.0716796875,1.1349609374999998,1.81150390625,1.0234375,-12.291996638637482,-11.406252908325914,-12.160469167381596,-13.36328125
366,0.8466796875,0.4599609375,4.894003906250001,4.0234375,-11.791996638637482,-11.906252908325914,-12.660469167381596,-13.86328125
367,0.3966796875,0.9099609375,2.8390039062500003,2.0234375,-10.791996638637482,-10.906252908325914,-11.660469167381596,-12.86328125
368,0.3685546875,0.4318359375,4.251816406250001,3.8984375,-12.604496638637482,-11.343752908325914,-12.097969167381596,-13.80078125
369,0.8185546875,0.8818359375,2.19681640625,1.8984375,-11.604496638637482,-10.343752908325914,-13.097969167381596,-12.80078125
370,1.0435546875,0.6568359374999999,5.27931640625,4.8984375,-11.104496638637482,-10.843752908325914,-11.597969167381596,-12.30078125
371,0.5935546875,1.1068359375,3.2243164062500003,2.8984375,-12.104496638637482,-11.843752908325914,-12.597969167381596,-13.30078125
372,0.7060546875,0.5443359375,1.68306640625,2.3984375,-11.854496638637482,-11.593752908325914,-11.847969167381596,-12.05078125
373,1.1560546875,0.9943359374999998,3.73806640625,4.3984375,-10.854496638637482,-10.593752908325914,-12.847969167381596,-13.05078125
374,0.9310546875,0.3193359375,2.71056640625,1.3984375,-11.354496638637482,-11.093752908325914,-12.347969167381596,-13.55078125
375,0.4810546874999999,0.7693359375,4.7655664062500005,3.3984375,-12.354496638637482,-12.093752908325914,-13.347969167381596,-12.55078125
376,0.4248046875,0.7130859374999999,2.45369140625,4.1484375,-11.479496638637482,-11.968752908325914,-11.972969167381596,-12.17578125
377,0.8748046875,1.1630859375,4.5086914062500005,2.1484375,-12.479496638637482,-10.968752908325914,-12.972969167381596,-13.17578125
378,1.0998046874999998,0.4880859374999999,1.42619140625,3.1484375,-11.979496638637482,-10.468752908325914,-12.472969167381596,-13.67578125
379,0.6498046875,0.9380859375,3.48119140625,1.1484375,-10.979496638637482,-11.468752908325914,-13.472969167381596,-12.67578125
380,0.5373046874999999,0.3755859374999999,5.0224414062500005,1.6484375,-10.729496638637482,-12.218752908325914,-12.222969167381596,-13.92578125
381,0.9873046875,0.8255859374999999,2.9674414062500003,3.6484375,-11.729496638637482,-11.218752908325914,-13.222969167381596,-12.92578125
382,0.7623046874999999,0.6005859375,3.99494140625,2.6484375,-12.229496638637482,-10.718752908325914,-11.722969167381596,-12.42578125
383,0.3123046875,1.0505859375,1.93994140625,4.6484375,-11.229496638637482,-11.718752908325914,-12.722969167381596,-13.42578125
384,0.3087890625,0.4494140624999999,5.07060546875,2.9140625,-12.456059138637482,-10.898440408325914,-12.496406667381596,-13.21484375
385,0.7587890625,0.8994140625,3.0156054687500005,4.9140625,-11.456059138637482,-11.898440408325914,-13.496406667381596,-12.21484375
386,0.9837890625,0.6744140624999999,4.04310546875,1.9140625,-10.956059138637482,-11.398440408325914,-11.996406667381596,-12.71484375
387,0.5337890624999999,1.1244140625,1.98810546875,3.9140625,-11.956059138637482,-10.398440408325914,-12.996406667381596,-13.71484375
388,0.6462890625,0.5619140625,2.50185546875,3.4140625,-12.206059138637482,-11.148440408325914,-11.746406667381596,-12.96484375
389,1.0962890625,1.0119140624999998,4.55685546875,1.4140625,-11.206059138637482,-12.148440408325914,-12.746406667381596,-13.96484375
390,0.8712890624999998,0.3369140625,1.4743554687500002,4.4140625,-11.706059138637482,-11.648440408325914,-12.246406667381596,-13.46484375
391,0.4212890625,0.7869140625,3.5293554687500004,2.4140625,-12.706059138637482,-10.648440408325914,-13.246406667381596,-12.46484375
392,0.4775390625,0.7306640624999999,1.7312304687500002,1.1640625,-11.331059138637482,-10.523440408325914,-11.621406667381596,-12.83984375
393,0.9275390625,1.1806640625,3.78623046875,3.1640625,-12.331059138637482,-11.523440408325914,-12.621406667381596,-13.83984375
394,1.1525390624999998,0.5056640625,2.7587304687500005,2.1640625,-11.831059138637482,-12.023440408325914,-12.121406667381596,-13.33984375
395,0.7025390624999999,0.9556640625,4.81373046875,4.1640625,-10.831059138637482,-11.023440408325914,-13.121406667381596,-12.33984375
396,0.5900390624999999,0.3931640624999999,4.29998046875,4.6640625,-11.081059138637482,-10.773440408325914,-12.371406667381596,-13.08984375
397,1.0400390625,0.8431640624999999,2.24498046875,2.6640625,-12.081059138637482,-11.773440408325914,-13.371406667381596,-12.08984375
398,0.8150390624999999,0.6181640625,5.32748046875,3.6640625,-12.581059138637482,-12.273440408325914,-11.871406667381596,-12.58984375
399,0.3650390624999999,1.0681640625,3.2724804687500004,1.6640625,-11.581059138637482,-11.273440408325914,-12.871406667381596,-13.58984375
400,0.3931640624999999,0.5900390624999999,3.91466796875,4.2890625,-11.893559138637482,-11.710940408325914,-13.433906667381596,-12.52734375
401,0.8431640624999999,1.0400390625,1.85966796875,2.2890625,-10.893559138637482,-10.710940408325914,-12.433906667381596,-13.52734375
402,1.0681640625,0.3650390624999999,4.942167968750001,3.2890625,-11.393559138637482,-11.210940408325914,-12.933906667381596,-13.02734375
403,0.6181640625,0.8150390624999999,2.88716796875,1.2890625,-12.393559138637482,-12.210940408325914,-11.933906667381596,-12.02734375
404,0.7306640624999999,0.4775390625,2.37341796875,1.7890625,-12.643559138637482,-11.460940408325914,-12.683906667381596,-13.27734375
405,1.1806640625,0.9275390625,4.428417968750001,3.7890625,-11.643559138637482,-10.460940408325914,-11.683906667381596,-12.27734375
406,0.9556640625,0.7025390624999999,3.4009179687500004,2.7890625,-11.143559138637482,-10.960940408325914,-13.183906667381596,-12.77734375
407,0.5056640625,1.1525390624999998,5.455917968750001,4.7890625,-12.143559138637482,-11.960940408325914,-12.183906667381596,-13.77734375
408,0.4494140624999999,0.3087890625,3.14404296875,3.5390625,-10.768559138637482,-12.085940408325914,-12.558906667381596,-13.40234375
409,0.8994140625,0.7587890625,5.199042968750001,1.5390625,-11.768559138637482,-11.085940408325914,-11.558906667381596,-12.40234375
410,1.1244140625,0.5337890624999999,2.11654296875,4.5390625,-12.268559138637482,-10.585940408325914,-13.058906667381596,-12.90234375
411,0.6744140624999999,0.9837890625,4.17154296875,2.5390625,-11.268559138637482,-11.585940408325914,-12.058906667381596,-13.90234375
412,0.5619140625,0.6462890625,4.68529296875,2.0390625,-11.518559138637482,-11.835940408325914,-13.308906667381596,-12.65234375
413,1.0119140624999998,1.0962890625,2.63029296875,4.0390625,-12.518559138637482,-10.835940408325914,-12.308906667381596,-13.65234375
414,0.7869140625,0.4212890625,3.65779296875,1.0390625,-12.018559138637482,-10.335940408325914,-12.808906667381596,-13.15234375
415,0.3369140625,0.8712890624999998,1.6027929687500002,3.0390625,-11.018559138637482,-11.335940408325914,-11.808906667381596,-12.15234375
416,0.3509765625,0.6884765625,2.6945117187500003,4.8515625,-12.674809138637482,-11.617190408325914,-12.902656667381596,-12.43359375
417,0.8009765625,1.1384765625,4.74951171875,2.8515625,-11.674809138637482,-10.617190408325914,-11.902656667381596,-13.43359375
418,1.0259765625,0.4634765624999999,1.6670117187500002,3.8515625,-11.174809138637482,-11.117190408325914,-13.402656667381596,-13.93359375
419,0.5759765625,0.9134765625,3.72201171875,1.8515625,-12.174809138637482,-12.117190408325914,-12.402656667381596,-12.93359375
420,0.6884765625,0.3509765625,5.26326171875,1.3515625,-11.924809138637482,-11.367190408325914,-13.152656667381596,-13.68359375
421,1.1384765625,0.8009765625,3.20826171875,3.3515625,-10.924809138637482,-10.367190408325914,-12.152656667381596,-12.68359375
422,0.9134765625,0.5759765625,4.23576171875,2.3515625,-11.424809138637482,-10.867190408325914,-12.652656667381596,-12.18359375
423,0.4634765624999999,1.0259765625,2.1807617187500004,4.3515625,-12.424809138637482,-11.867190408325914,-11.652656667381596,-13.18359375
424,0.5197265624999999,0.5197265624999999,3.97888671875,3.1015625,-11.549809138637482,-12.242190408325914,-13.027656667381596,-13.55859375
425,0.9697265625,0.9697265625,1.92388671875,1.1015625,-12.549809138637482,-11.242190408325914,-12.027656667381596,-12.55859375
426,1.1947265625,0.7447265624999999,5.006386718750001,4.1015625,-12.049809138637482,-10.742190408325914,-12.527656667381596,-12.05859375
427,0.7447265624999999,1.1947265625,2.95138671875,2.1015625,-11.049809138637482,-11.742190408325914,-11.527656667381596,-13.05859375
428,0.6322265625,0.6322265625,1.41013671875,2.6015625,-10.799809138637482,-11.992190408325914,-12.777656667381596,-12.30859375
429,1.0822265624999998,1.0822265624999998,3.46513671875,4.6015625,-11.799809138637482,-10.992190408325914,-11.777656667381596,-13.30859375
430,0.8572265625,0.4072265625,2.4376367187500003,1.6015625,-12.299809138637482,-10.492190408325914,-13.277656667381596,-13.80859375
431,0.4072265625,0.8572265625,4.492636718750001,3.6015625,-11.299809138637482,-11.492190408325914,-12.277656667381596,-12.80859375
432,0.3791015625,0.3791015625,2.05232421875,2.4765625,-12.112309138637482,-11.054690408325914,-11.965156667381596,-13.87109375
433,0.8291015625,0.8291015625,4.1073242187500005,4.4765625,-11.112309138637482,-12.054690408325914,-12.965156667381596,-12.87109375
434,1.0541015625,0.6041015624999999,3.07982421875,1.4765625,-11.612309138637482,-11.554690408325914,-12.465156667381596,-12.37109375
435,0.6041015624999999,1.0541015625,5.13482421875,3.4765625,-12.612309138637482,-10.554690408325914,-13.465156667381596,-13.37109375
436,0.7166015625,0.7166015625,3.59357421875,3.9765625,-12.362309138637482,-11.304690408325914,-12.215156667381596,-12.12109375
437,1.1666015625,1.1666015625,1.53857421875,1.9765625,-11.362309138637482,-12.304690408325914,-13.215156667381596,-13.12109375
438,0.9416015624999998,0.4916015625,4.6210742187500005,4.9765625,-10.862309138637482,-11.804690408325914,-11.715156667381596,-13.62109375
439,0.4916015625,0.9416015624999998,2.5660742187500003,2.9765625,-11.862309138637482,-10.804690408325914,-12.715156667381596,-12.62109375
440,0.4353515624999999,0.5478515625,4.87794921875,1.7265625,-10.987309138637482,-10.429690408325914,-12.090156667381596,-12.24609375
441,0.8853515624999999,0.9978515625,2.8229492187500003,3.7265625,-11.987309138637482,-11.429690408325914,-13.090156667381596,-13.24609375
442,1.1103515625,0.3228515624999999,3.85044921875,2.7265625,-12.487309138637482,-11.929690408325914,-11.590156667381596,-13.74609375
443,0.6603515624999999,0.7728515624999999,1.7954492187500002,4.7265625,-11.487309138637482,-10.929690408325914,-12.590156667381596,-12.74609375
444,0.5478515625,0.4353515624999999,3.33669921875,4.2265625,-11.237309138637482,-10.679690408325914,-11.840156667381596,-13.99609375
445,0.9978515625,0.8853515624999999,5.39169921875,2.2265625,-12.237309138637482,-11.679690408325914,-12.840156667381596,-12.99609375
446,0.7728515624999999,0.6603515624999999,2.3091992187500003,3.2265625,-11.737309138637482,-12.179690408325914,-12.340156667381596,-12.49609375
