Site_ID,Latitude,Longitude,MAT,MAP,Annual_coverage,Soil_BD,Rs_annual
US-FIFG-600PPM,38.73,-120.8,18.0,1000.0,0.25,1.14,647.0
CA-CAR-CHMB3,49.85,-125.32,8.6,1452.0,1.0,1.35,2200.0
IE-OPR-PASTURE,52.85,-6.9,9.4,824.0,1.0,1.42,1110.0
CN-DHS-BF,23.16,112.51625,21.825,1746.75,1.0,0.85,1047.9125
US-NC-LFREQ,35.78,-75.9,16.9,1270.0,1.0,0.08,1077.0
ES-DDE-TILLGRAZ,39.98333333,-5.133333333,15.3,572.0,0.58,1.03,655.0
CN-JX-LNA,26.744,115.059,17.9,1505.0,1.0,1.54,638.3412
CN-NJB-CK,26.05,119.25,19.6,1344.0,1.0,1.07,1684.0
ES-DDE-GRAZ,39.98333333,-5.133333333,15.3,572.0,0.58,1.05,640.0
US-AAF-NT,43.28,-89.37,7.6,791.0,1.0,1.34,827.5
FI-KAN-AB4,63.9,23.929999999999996,2.4,561.0,1.0,0.3,457.6666666666667
FI-KAN-AB5,63.9,23.929999999999996,2.4,561.0,1.0,0.42,391.3333333333333
US-HET-SPE1116,19.94480556,-155.2622778,16.1,3988.0,1.0,0.2,1860.0
KR-MKU-INF,37.45,127.27,10.8,790.0,1.0,0.81,1110.0
ES-MD-FCFC,40.05,-3.52,14.0,350.0,1.0,1.36,153.625
US-AAF-GRA,43.28,-89.37,7.6,791.0,1.0,1.33,1777.5
CN-HLJ-PM1,47.43,126.62,1.9,556.0,1.0,1.0,421.2
KR-SEF-HIGH,35.46,127.64,12.8,1322.0,1.0,0.85,813.0
ID-KAL-BL4,2.3,114.0,26.3,2235.0,1.0,0.13,972.36
IN-MOH-PINE,33.0,73.0,23.0,1069.0,1.0,1.35,518.5
CN-QSF-FL,31.67,121.5,15.3,1003.7,1.0,1.27,1007.0
CN-SHB-DC,42.5,117.35,-1.4,450.1,1.0,1.06,513.7
US-LEC-PH,32.8,-89.7,17.3,1346.0,1.0,1.37,616.0
JP-SHE-MANU,42.43333333,142.4833333,7.9,1365.0,1.0,0.78,1215.0
BR-MG,-16.5,-56.4,24.9,1596.0,1.0,1.35,1461.5
KR-SEF-LOW,35.45,127.62,12.8,1322.0,1.0,0.8,858.5
KR-EFK,37.78333333,127.8,10.9,1295.0,1.0,1.09,1020.0
BE-LOC-WILLOW,51.1,2.85,9.5,726.0,1.0,1.28,568.9
US-KFF-CLIP,34.98166667,-97.52055556,16.3,895.0,1.0,1.2,1292.0
CN-SHB-DB,42.5,117.35,-1.4,450.1,1.0,0.69,548.9
CN-NFR-BSV,47.43,128.63,1.5,550.0,0.75,1.06,107.4
JP-KEW,34.98,136.0,13.4,1578.0,1.0,0.93,741.6666666666666
CN-BTM-143YR,33.5,112.0,15.1,900.0,1.0,0.57,832.0
US-INY-CRO,42.510000000000005,-76.55,7.7,899.0,1.0,1.2,208.0
CN-ZCE-CK,31.0,110.5,18.0,1164.0,1.0,1.35,185.0
US-WRCCR-40YR,45.82,-121.95,8.7,2500.0,1.0,1.0,883.0
PA-SAP-MON,9.32,-79.63,26.5,1850.0,0.167,9.1,1985.0
BR-IGA-CK,-1.13,-47.79,26.0,2500.0,1.0,1.4,2275.0
US-WRCCR-500YR,45.82,-121.95,8.7,2500.0,1.0,0.86,1194.0
US-BRF-WHEATCT,30.53,-94.43,20.0,978.0,1.0,1.42,695.0
BR-CNF-CLAY,-1.72,-51.46,25.7,2386.0,1.0,1.2,1233.0
CN-HB-CK,37.71,114.81800000000001,8.059999999999999,613.1600000000001,0.7,1.435,1054.8166666666666
US-MIC-PINUS,47.1,-88.87,5.0,860.0,1.0,1.07,725.0
CN-HI-PF,18.6,108.9,19.15,2198.0,1.0,1.15,1567.0
US-LEC-CK,32.8,-89.7,17.3,1346.0,1.0,1.01,490.0
CN-WDG-GRA,35.22190476142857,107.67190475714287,9.4,560.0,0.9271428571428572,1.2875,590.0
IT-TRC-CK,42.18333333,11.93333333,13.0,729.0,1.0,0.49,1157.0
US-TPR-GRA,38.9,-92.33,12.5,973.0,1.0,0.95,316.0
CN-WDG-CRO,35.22190476142857,107.67190475714287,9.4,560.0,0.9271428571428572,1.245,557.8571428571429
CN-JX-HNA,26.744,115.059,17.9,1505.0,1.0,1.54,383.6004
BR-PZP-13,-9.87,-67.07,26.0,1940.0,0.01,1.2,1840.0
CN-EH-MF,27.47,89.73,7.8,1167.0,1.0,0.61,1280.0
CN-XEF-IX,26.19,117.43,19.1,1749.0,1.0,1.2,399.0
US-LEF-LOWCK,18.3,-65.8,23.0,3500.0,0.25,0.59,1314.0
CN-TLS-FOR,37.73,112.42,10.0,478.0,0.83,1.29,1162.0933333333332
ES-MD-F,40.05,-3.52,14.0,350.0,1.0,1.36,244.358
CN-TMF-S1,24.33,117.43,22.0,1859.0,1.0,1.28,1328.3
CN-QYZ,26.74416667,115.0591667,17.9,1469.0,1.0,1.57,684.5
US-KFF-CLIP3C,34.98166667,-97.52055556,16.3,895.0,1.0,1.2,1220.0
CN-IM-MSNG,45.1,120.3,2.1,395.0,0.45999999999999996,0.9899999999999999,788.3333333333334
CN-JX-CK,26.737000000000002,115.05449999999999,17.9,1505.0,1.0,1.54,448.40840000000003
CN-QERC-SP1,26.73,115.05,6.4,1469.0,1.0,1.4,789.1
ES-REF,41.8,-4.92,15.0,500.0,1.0,1.35,757.0
IN-CTK-RTZEA,20.44,85.93,28.0,1500.0,1.0,1.41,186.0
CN-GNR-NF,26.18,117.47,20.1,1670.0,1.0,1.09,1434.0
CN-DHS-MFIRG,23.17,112.6,21.4,1956.0,1.0,1.1,1230.0
CN-YSF-CFCCUT,26.41666667,117.8333333,19.2,1688.0,1.0,1.1,448.0
CN-QES-M,36.87,115.02,13.199999999999998,494.0,1.0,1.37,919.3333333333334
US-TAE-GRA,27.67,-98.2,22.4,716.0,1.0,1.47,611.0
CN-ZJ-ORYZA,30.23333333,119.7,15.8,1629.0,1.0,0.86,1238.0
US-FCO-NAT,40.6,-105.1,8.9,385.0,1.0,1.1,800.0
ID-KAL-FORFT,-2.823,111.84,27.0,2058.0,1.0,0.18,1260.0
CN-HEN-WHEAT4,34.82,114.28,14.3,627.0,1.0,1.31,912.0
BR-PEI-S3A,-9.88,-67.07,26.0,1940.0,0.01,1.2,1540.0
CN-SN-SB1,37.73,112.37,10.0,478.0,0.82,1.15,1375.92
ES-NPC-IRV,42.27,2.97,15.5,450.0,1.0,1.64,927.0
CN-YSF-CFCK,26.41666667,117.8333333,19.2,1688.0,1.0,1.1,448.0
US-COR-HEATIRG,44.02611111,-123.1822222,11.4,1134.0,1.0,0.6,1332.0
IN-CTK-CKZEA,20.44,85.93,28.0,1500.0,1.0,1.41,268.0
CN-HUN-CK,26.7925,110.79083335,17.25,1354.0,1.0,1.31,457.5
CN-SMY-SXM,38.77,110.37,8.4,437.0,0.67,1.4,582.79
CN-GS-RTONT1,37.96,102.64,7.2,156.0,1.0,1.4,355.32
CN-SHB-SH,42.5,117.35,-1.4,450.1,1.0,0.71,479.5
CN-SD-BIOCH90,36.95,117.97,12.4,600.0,1.0,1.52,1086.1
ES-NPC-SLPR,42.27,2.97,15.5,450.0,1.0,1.1,1725.0
CN-SX-CF,36.07,112.1,11.0,600.0,1.0,1.1,408.8
CN-JX-N40,26.73,115.05,17.9,1505.0,1.0,1.54,686.0
CN-HNR-NI,26.8,109.6,16.5,1200.0,1.0,1.23,338.0
CN-XLR-KRY,44.08666667,115.9044444,-1.3999999999999997,450.0,1.0,1.34,122.85000000000001
KR-WNE-SL,35.20583333,128.1733333,13.1,1490.0,1.0,1.22,1080.0
US-TAE-CLUCK,27.67,-98.2,22.4,716.0,1.0,1.27,707.0
CH-AC1,-40.17,-73.44,7.26,4860.0,1.0,0.75,765.0
UK-AHR-YR4,51.15,-0.85,9.8,808.0,1.0,0.7,1085.7
CN-DBR-80YR,23.16666667,112.5,21.0,1956.0,1.0,1.05,1242.0
CN-DBR-DIS10N,23.17,112.17,21.4,1927.0,1.0,1.16,534.0
CN-BYX-50N,43.55277778,116.6747222,-0.4,400.0,1.0,1.22,157.0
CN-BNR-QUERCUS,33.5,111.9,15.1,900.0,1.0,0.71,802.0
ES-NPC-SLPI,42.27,2.97,15.5,450.0,1.0,1.16,1294.0
BE-LOC-POP,51.1,2.85,9.5,726.0,1.0,1.48,568.9
CN-HBS-20YR,42.412,117.2474,-1.4,450.0,0.416,1.5,448.0
BE-ZWI,51.03,3.72,9.8,821.0,1.0,1.2,896.0
CN-SMY-CRO,38.77,110.37,8.4,437.0,0.67,1.39,469.26
CN-TME-GRA,37.90474444,114.2487139,13.0,560.0,1.0,1.47,602.7
CN-HFB-MFCK,28.10833333,113.0416667,17.2,1450.0,1.0,1.36,817.0
US-HET-HAK1468,19.84202778,-155.2931111,13.8,3488.0,1.0,0.18,1285.0
NO-END-DRYAS,78.0,19.0,-5.7,180.0,0.33,0.9,152.0
ES-BSL-L3FE,41.83,2.5,12.0,872.0,1.0,1.09,276.3369
PA-SAR-FORMAN,9.316666667,-79.63333333,26.0,2600.0,1.0,0.75,1287.0
IE-OPR-CRO1,52.85,-6.9,9.4,824.0,1.0,1.42,1240.0
CN-SN-SB3,37.73,112.37,10.0,478.0,0.82,1.37,1666.98
CN-SC-SMALL,31.616,103.90000000000002,8.9,900.0,1.0,0.98,506.1333333333334
US-SWP-S5,39.65,-86.23,11.3,1095.0,1.0,1.1,1300.0
CN-GS-RTONT3,37.96,102.64,7.2,156.0,1.0,1.4,328.86
CN-GS-RTONT2,37.96,102.64,7.2,156.0,1.0,1.4,291.06
CN-ESR-Q,28.26,116.93,17.6,1795.0,1.0,1.35,385.0
BE-DIF-OAKR,51.3,4.52,9.8,750.0,1.0,1.4,910.0
IN-CTK-CKORYZA,20.44,85.93,28.0,1500.0,1.0,1.41,172.0
CN-DBR-15GN,23.17,112.17,21.0,1927.0,1.0,0.98,508.0
UK-AHR-THIN9YR3,51.15,-0.85,9.8,808.0,1.0,0.7,484.4
CN-YSF-BFCCUT,26.41666667,117.8333333,19.2,1688.0,1.0,0.96,1382.0
CN-SMY-TER,38.77,110.37,8.4,437.0,0.67,1.41,514.67
CN-BTM-QAY,33.47,111.92,15.1,900.0,1.0,0.99,1105.15
CN-SSP20YR,27.03333333,118.1333333,18.7,1664.0,1.0,1.1,1007.0
IE-SWI-SP25CM,52.3,-9.16,6.6,1600.0,0.91,0.12,430.02
CN-HFB-MFDL,28.10833333,113.0416667,17.2,1450.0,1.0,1.36,867.0
BJ-OUI,6.38,2.13,27.0,950.0,1.0,1.5,1610.0
CN-IM-WARM,41.64,111.33,4.6,255.2,0.92,1.23,427.05
CN-HNR-NL,26.8,109.6,16.5,1200.0,1.0,1.23,395.0
IT-SCL-WBCT,37.5,13.5,15.9,552.0,1.0,1.04,288.35
US-HJA-CK,44.2416666675,-122.181666675,8.7,2370.0,1.0,0.82,832.0
CN-SD-CK,36.86225,116.917,13.15,575.25,1.0,1.52,756.4075
MW-ZOB-INT2,-15.5,35.25,24.0,930.0,1.0,1.44,5120.0
CN-SN-N90,35.2,107.68,10.0,528.5,1.0,1.3,423.0
US-HW-NAP100,20.89,-156.41,23.4,241.0,1.0,1.35,1208.15
CN-YN-MR,21.907,101.27,22.26,1166.0,1.0,1.07,675.0
KR-HWS-CK,35.48444444,127.9711111,12.9,1479.0,1.0,0.8,573.0
FR-HFH-H1,48.67,7.06,9.7,913.0,1.0,1.18,528.0
CN-TMF-S3,24.33,117.43,22.0,1859.0,1.0,1.0,1271.54
CN-SMY-SLH,38.77,110.37,8.4,437.0,0.67,1.38,378.43
UK-AHR-THIN7BYR3,51.15,-0.85,9.8,808.0,1.0,0.7,852.3
CN-QH-CK,37.2835,101.02499999999999,0.020000000000000018,379.67499999999995,0.79,0.9499999999999998,1295.4266666666665
ES-CDG-NAT,36.94166667,-2.032777778,18.0,220.0,1.0,1.25,416.0
US-SOR-HEAT,42.27805556,-123.6427778,12.3,1434.0,1.0,1.04,1055.0
US-STC-2001C4,42.18,-93.5,9.2,865.0,1.0,1.28,730.0
FI-KAN-AB2,63.9,23.929999999999996,2.4,561.0,1.0,0.4000000000000001,441.6666666666667
PA-SAR-GRA,9.316666667,-79.63333333,26.0,2600.0,1.0,0.97,3141.0
CN-QSF-KB,31.67,121.5,15.3,1003.7,1.0,1.32,658.0
ES-DDE-TILL,39.98333333,-5.133333333,15.3,572.0,0.58,1.11,719.0
FI-KAN-AB3,63.9,23.929999999999996,2.4,561.0,1.0,0.38000000000000006,466.0
CN-HEN-WHEAT2,34.82,114.28,14.3,627.0,1.0,1.31,949.0
FI-KAN-AB1,63.9,23.929999999999996,2.4,561.0,1.0,0.38000000000000006,400.6666666666667
ID-KAL-FL3,2.3,114.0,26.3,2235.0,1.0,0.12,902.28
CN-BTM-NBM,33.47,111.92,15.1,900.0,1.0,0.96,821.23
BE-DIF-OAK,51.303333333333335,4.52,9.8,755.6666666666666,1.0,1.4,843.3333333333334
CN-TTP-LN,29.87,121.65,16.0,1374.0,1.0,1.13,1222.34
CN-DBR-10GN,23.17,112.17,21.0,1927.0,1.0,0.98,552.0
CN-BTM-PINUS,33.5,112.0,15.1,900.0,0.75,0.69,761.0
US-BRF-NTSWS,30.53,-94.43,20.0,978.0,1.0,1.42,534.0
CN-SHB-MAT,42.41,117.25,-1.4,450.0,0.75,1.47,464.27
CN-TME-PLANT,37.90392222,114.2550444,13.0,560.0,1.0,1.32,648.5
CN-DNR-BF,23.17,112.53,21.4,1927.0,1.0,1.495,600.0
IE-SWI-LP25CM,52.3,-9.15,6.6,1600.0,0.91,0.11,370.295
KR-GWF-ABIES,37.991666665,127.21683335,11.4,1435.0,1.0,1.05,783.75
CN-XEF-IV,26.19,117.43,19.1,1749.0,1.0,0.93,1502.0
IN-ANA-AP,34.04,75.32,17.0,1289.0,0.75,0.55,823.5675000000001
CN-DHS-PFIRG,23.17,112.6,21.4,1956.0,1.0,1.32,961.0
IE-SWI-LP5CM,52.3,-9.15,6.6,1600.0,0.91,0.11,453.91
ES-NPC-IRS,42.27,2.97,15.5,450.0,1.0,1.14,1104.0
CN-QERC-MP1,26.73,115.05,6.4,1469.0,1.0,1.42,975.3
ID-KAL-CL3,2.3,114.0,26.3,2235.0,1.0,0.42,2890.8
ES-BSL-L2PN,41.83,2.5,12.0,872.0,1.0,1.09,322.434
CN-DHS-MF,23.155,112.5275,21.6625,1807.125,1.0,1.03,1099.32
US-WI-E,45.53,-87.93,6.9,740.0,1.0,0.79,1680.0
RU-MSC-HOMB,55.708,37.526,5.0,689.2,0.7475,0.9,722.05
CH-FRA,47.11583333,8.537777778,6.1,1682.0,1.0,1.35,2384.0
ZA-PTZ-AM,-30.4,24.4,16.0,694.0,1.0,1.15,912.03
BF-BOR-BON,10.8655,-3.072638889,29.5,926.0,0.5,1.43,483.0
US-KOP-FC,39.08,-96.58,12.9,844.0,1.0,1.2,1342.0
US-BRF-WHEATNT,30.53,-94.43,20.0,978.0,1.0,1.52,662.0
CN-XEF-VIII,26.19,117.43,19.1,1749.0,1.0,1.1,843.0
JP-SHE-164N,42.43333333,142.4833333,7.9,1365.0,1.0,0.78,975.0
IT-SCL-WBDL,37.5,13.5,15.9,552.0,1.0,1.07,244.55
ID-HFR-CLAYJR,-1.99,103.3,26.7,2235.0,1.0,0.9,1555.0
KR-HEL-DS,37.46444444,127.0878667,13.5,1473.0,1.0,0.81,1226.0
UK-AHR-YR2,51.15,-0.85,9.8,808.0,1.0,0.7,642.1
US-HET-SPE1024,19.94480556,-155.2622778,16.7,4043.0,1.0,0.19,1860.0
BR-HUM-MAT2,-9.84,-67.78,26.0,1940.0,0.01,1.25,1770.0
CN-XLR-STP,44.09,115.91000000000001,1.5,250.0,1.0,1.33,128.66666666666666
CN-SMY-DXM,38.77,110.37,8.4,437.0,0.67,1.52,438.98
AU-RMK-UCCK,-34.0,140.966,17.5,242.0,1.0,1.6,598.0
CN-YN-RUBUP,22.2,100.63,19.0,1490.0,1.0,1.06,480.06
CN-ESR-T,28.26,116.93,17.6,1795.0,1.0,1.26,581.0
ID-KAL-FL1,2.3,114.0,26.3,2235.0,1.0,0.13,1462.92
ID-SAR-MATRCK,2.78,111.83,34.5,2928.0,1.0,1.5,436.0
CN-NCP-50N,37.88,114.68,12.5,480.0,0.91,1.47,381.9
CN-PFF-15YR,43.75,81.15,8.55,310.70000000000005,0.33,1.205,1695.0
US-SNM,38.9,-120.63,16.3,559.0,1.0,1.6,488.0
FR-HEF,48.67,7.08,9.457142857142856,885.7142857142857,0.91,0.85,681.2857142857143
US-UWA-REM,43.03,-89.43,7.5,928.0,1.0,0.89,1247.0
CN-BTM-48YR,33.5,112.0,15.1,900.0,1.0,0.66,659.0
CN-SN-CK,34.96714285714286,107.81271428571428,10.276923076923076,579.5769230769231,0.8578571428571429,1.3,632.5354545454546
ES-DDE-CK,39.98333333,-5.133333333,15.3,572.0,0.58,1.12,742.0
CN-QERC-SP3,26.73,115.05,6.4,1469.0,1.0,1.4,789.1
US-MIC-TPK,5.29,163.03,27.0,5000.0,1.0,0.11,479.0
CN-TNF-50N,29.86666667,121.65,16.0,1374.0,1.0,1.13,1324.4
CN-XGN,43.54,116.55,-0.5,400.0,1.0,1.325,135.5
CN-ZCE-709N,31.0,110.5,18.0,1164.0,1.0,1.49,213.0
CN-DBR-REH5N,23.17,112.17,21.4,1927.0,1.0,1.22,622.0
CN-XFF-2600M,38.0,99.0,0.5,435.0,0.54,0.565,582.0
CN-XHH-ENF,30.52,120.17,16.7,1410.0,0.83,1.08,429.56
CN-TRI-LP,30.23,120.15,17.0,1533.0,1.0,1.18,430.0
CN-NCP-CK,37.88,114.68,12.5,480.0,0.91,1.47,498.6
CN-ZJ-LP,30.41,119.86,15.9,1450.0,1.0,1.17,952.1597
US-UWA-RES,43.03,-89.43,7.5,928.0,1.0,1.18,1409.3333333333333
CN-AYH-NOG,36.5,114.2,14.0,700.0,0.75,1.51,264.66
US-FCO-WHEAT,40.6,-105.1,8.9,385.0,1.0,1.27,500.0
BE-LOC-CRO,51.11222222,3.850555556,9.5,726.0,0.9,1.5,496.0
CA-CAR-CHMB1,49.85,-125.32,8.6,1452.0,1.0,1.35,2210.0
BF-CRS-CS,11.15,-3.083333333,29.5,926.0,0.5,1.52,350.5
ID-KAL-CL2,2.3,114.0,26.3,2235.0,1.0,0.38,2768.16
CA-CAR-CHMB5,49.85,-125.32,8.6,1452.0,1.0,1.35,1900.0
CN-XEF-I,26.19,117.43,19.1,1749.0,1.0,0.93,1423.0
KR-HEL-US,37.46444444,127.0878667,13.5,1473.0,1.0,0.86,1252.0
CN-HSQ-WOOD,30.0,114.0,16.8,1577.0,1.0,1.23,145.0
CN-XLR-GRANDIS,43.58888889,116.5541667,-1.3999999999999997,450.0,1.0,1.12,184.8166666666667
US-WA-IRG,46.89638889,-122.735,10.5,1196.0,1.0,0.82,858.0
CN-BNR-PINUS,33.5,111.9,15.1,900.0,1.0,0.69,761.0
US-JSJ-WOOD,33.81,-116.78,10.3,507.0,1.0,0.9,1022.0
ID-SLS-SWAMP,-1.5,103.6,26.0,2490.0,0.46,0.28,980.0
CN-ZCE-732N,31.0,110.5,18.0,1164.0,1.0,1.29,259.0
RU-MSC-SPRUCE,55.708,37.526,5.0,689.2,0.7475,1.1,602.9875
CN-QH-WARM,36.95,100.84999999999998,1.34,408.45,0.58,0.9499999999999998,1506.33
BE-DIF-PINEOAK,51.3,4.52,9.8,750.0,1.0,1.2,610.0
CN-BTM-40YR,33.5,112.0,15.1,900.0,1.0,0.73,624.0
IE-SWI-LP15CM,52.3,-9.15,6.6,1600.0,0.91,0.11,370.295
US-TAE-FOR80YR,27.67,-98.2,22.4,716.0,1.0,1.09,780.0
US-BRF-CTSWS,30.53,-94.43,20.0,978.0,1.0,1.42,585.0
MX-CDP-CRO,19.53,-96.99,19.3,2081.0,1.0,0.61,672.0
CN-SN-N2,35.575,110.08500000000001,6.2,770.0,0.54,1.15,1018.35
CN-BNF-Q10,40.01666667,116.3833333,10.0,600.0,0.75,1.62,475.0
US-TAE-FOR40YR,27.67,-98.2,22.4,716.0,1.0,1.27,683.0
CN-SN-SB2,37.73,112.37,10.0,478.0,0.82,1.43,1016.82
CA-AB-ELL1,53.4,-113.55,2.8,342.0,0.33,1.16,674.0
TH-CURC,13.68,101.07,28.1,1328.0,1.0,1.6,1870.0
CN-YAE-FOR,31.27,105.47,17.3,826.0,1.0,1.42,602.0
CN-ESR-G,28.26,116.93,17.6,1795.0,1.0,1.19,775.0
CN-BJ-NF,40.225,116.1165,11.0,1330.0,1.0,1.6,1728.687
CN-HFB-CAMPHORCK,28.10833333,113.0416667,17.2,1450.0,1.0,1.5,1196.0
CA-OTR-BEE,43.54111111,-80.20888889,7.2,833.0,0.5,1.21,625.0
CN-XEF-V,26.19,117.43,19.1,1749.0,1.0,1.1,1045.0
ES-NPC-IRO,42.27,2.97,15.5,450.0,1.0,1.36,1265.0
CA-CAR-CHMB6,49.85,-125.32,8.6,1452.0,1.0,1.35,1260.0
US-COR-CK,39.468055555,-103.9261111,12.7,1242.0,1.0,0.6,1039.0
CN-HBS,37.5,101.226,-1.7,580.0,1.0,0.8959999999999999,595.0
DE-UNT-COM,52.83,10.28,8.4,837.0,0.67,1.6,640.0
IT-PCC-HEAT,40.61666667,8.166666667,16.8,640.0,1.0,1.1,1036.3333333333333
KR-GWF-QUERCUS,37.991666665,127.21683335,11.4,1435.0,1.0,1.12,714.75
CN-BTM-QVS,33.47,111.92,15.1,900.0,1.0,0.99,899.5
CN-GS-RTMONO3,37.96,102.64,7.2,156.0,1.0,1.4,449.81999999999994
ZA-PTZ-CK,-30.4,24.4,16.0,694.0,1.0,1.0,681.18
CN-DBR-DISCK,23.17,112.17,21.4,1927.0,1.0,1.16,578.0
CN-LCH-CK,37.88,114.68,12.4,460.0,1.0,1.27,397.85
ES-GAR,41.3,1.8083333335,15.75,568.0,1.0,0.77,439.24
CN-TLS-SHR,37.73,112.42,10.0,478.0,0.83,1.37,1423.3233333333335
US-WA-HEATIRG,46.89638889,-122.735,10.5,1196.0,1.0,0.82,1064.0
CN-BJ,40.08333333,116.4166667,15.0,622.6,1.0,1.44,1462.0
CN-DMN-MF,23.17,112.53,20.8,1956.0,1.0,1.1,933.0
US-KRR-HIGHBIOM,49.42,-119.12,5.7,660.0,1.0,0.98,849.0
ES-SW-FOR,37.35,-5.93,19.0,565.7,1.0,1.16,1051.2
CN-JX-HN,26.744,115.059,17.9,1505.0,1.0,1.54,424.5096
CN-YAE,31.27,105.47,17.3,826.0,1.0,1.42,627.0
UK-AHR-YR3,51.15,-0.85,9.8,808.0,1.0,0.7,886.9
CN-HEN-WHEAT3,34.82,114.28,14.3,627.0,1.0,1.31,809.0
CN-QES-WMM,36.87,115.02,13.199999999999998,494.0,1.0,1.37,1075.3333333333333
CN-HAF-MID,24.92,118.92,19.8,1250.0,1.0,1.24,1468.33
CN-NCP-100N,37.88,114.68,12.5,480.0,0.91,1.47,464.0
IE-SWI-SP35CM,52.3,-9.16,6.6,1600.0,0.91,0.12,513.635
CN-NCP-150N,37.88,114.68,12.5,480.0,0.91,1.47,388.0
ID-KAL-FL2,2.3,114.0,26.3,2235.0,1.0,0.12,823.44
IN-JHA-8YR,23.7,84.99,23.0,975.0,1.0,1.71,903.42
CN-BTM-BBM,33.47,111.92,15.1,900.0,1.0,1.01,912.19
CH-AC2,-40.17,-73.44,7.26,4860.0,1.0,0.7,722.5
CN-SN-N3,35.575,110.08500000000001,6.2,770.0,0.54,1.1,1120.55
CN-GS-RT1INT,37.96,102.64,7.2,156.0,1.0,1.4,355.32
NO-END-SALIX,78.0,19.0,-5.7,180.0,0.33,0.9,176.0
IN-MOH-SHR,33.0,73.0,23.0,1069.0,1.0,1.41,345.0
CN-QSF-CL,31.67,121.5,15.3,1003.7,1.0,1.26,1010.0
CN-XEF-VI,26.19,117.43,19.1,1749.0,1.0,1.2,509.0
CN-GS-RT3INT,37.96,102.64,7.2,156.0,1.0,1.4,294.84
FI-LIA-PESBSV,62.5,30.5,2.1,669.0,0.5,0.18,92.0
CN-HE-N1T,37.88,114.7,12.4,460.0,1.0,1.27,569.4
US-KPB-CK,39.083148145,-96.57949073833333,13.0,838.5,0.6,1.1,1510.0
CN-ZCE-699N,31.0,110.5,18.0,1164.0,1.0,1.54,147.0
CN-GS-N,36.03,104.41,6.5,305.0,1.0,1.22,642.4
CN-SMY-SLL,38.77,110.37,8.4,437.0,0.67,1.31,367.08
CN-DMN-BF,23.17,112.53,20.8,1956.0,1.0,0.86,590.0
IE-SWI-SP15CM,52.3,-9.16,6.6,1600.0,0.91,0.12,465.855
IT-ROC,42.4,11.92,14.0,755.0,1.0,1.22,1097.0
CN-XIN-DLAND,30.03,114.37,16.8,577.0,1.0,1.23,172.0
US-LAB-S2,39.77,-86.18,11.3,1095.0,1.0,1.1,780.0
CN-SC-LN,29.53,103.25,10.0,2323.0,1.0,0.4,520.4
BR-SP-CK,-22.062,-47.64275,21.4,1019.845,0.5066666666666667,1.5,488.0
CN-QERC-SP2,26.73,115.05,6.4,1469.0,1.0,1.4,789.1
CN-AYH-ABN,36.5,114.2,14.0,700.0,0.75,1.51,131.18
CN-HNR-CK,26.8,109.6,16.5,1200.0,1.0,1.23,511.0
CN-HT-CT,26.67,109.43,16.5,1200.0,1.0,1.43,620.5
CN-XFF-2900M,38.0,99.0,0.04999999999999999,435.0,0.54,0.73,514.0
IE-SWI-SPCK,52.3,-9.16,6.6,1600.0,0.91,0.12,1015.325
CA-AB-SA,53.7,-113.63,2.8,450.0,0.33,1.15,586.0
UK-AHR-THIN9YR4,51.15,-0.85,9.8,808.0,1.0,0.7,663.2
BR-CNF-SANDY,-1.72,-51.46,25.7,2272.0,1.0,1.49,1487.0
CN-JX-N140,26.73,115.05,17.9,1505.0,1.0,1.54,434.0
CN-JX-A120,26.73,115.05,17.9,1505.0,1.0,1.54,512.0
US-LEF-LOW50N,18.3,-65.8,23.0,3500.0,0.25,0.75,1022.0
US-SOR-IRG,42.27805556,-123.6427778,12.3,1434.0,1.0,1.04,967.0
BE-DIF-OAKM,51.3,4.52,9.8,750.0,1.0,1.4,750.0
CN-GS-RTMONCK,37.96,102.64,7.2,156.0,1.0,1.4,476.28000000000003
CN-HLJ-NPK,47.43,126.62,1.9,556.0,1.0,1.0,389.0
US-SC-YT,31.27,105.48,17.3,826.0,1.0,1.33,462.8
CN-XIN-PLANT,30.03,114.37,16.8,577.0,1.0,1.24,226.0
CN-TB-CK,35.50727272727273,97.11,-1.481818181818182,426.73636363636365,0.7209090909090908,0.9433333333333334,762.6283333333334
CN-CWS,35.2,105.09857142857143,9.4,563.7142857142857,1.0,1.3,265.87857142857143
BE-DIF-PINEM,51.3,4.52,9.8,750.0,1.0,1.2,510.0
US-LEF-SF,18.3,-65.83,22.3,3920.0,0.92,0.61,947.5
UK-AHR-THIN9YR5,51.15,-0.85,9.8,808.0,1.0,0.7,573.8
CA-AB-LIN2,54.2,-114.15,3.4,491.0,0.33,1.46,612.0
ES-MD-VT,40.05,-3.52,14.0,350.0,1.0,1.36,142.345
US-STC-1994C4,42.18,-93.5,9.2,865.0,1.0,1.27,1260.0
UK-AHR-THIN7AYR4,51.15,-0.85,9.8,808.0,1.0,0.7,1262.2
ID-KAL-OP07FT,-2.791,111.8,27.0,2058.0,1.0,0.34,1020.0
CA-OTR-LITTLE,43.54111111,-80.20888889,7.2,833.0,0.5,1.15,593.0
IT-SAR-SM,39.8,8.55,16.7,572.0,1.0,1.5,1262.9
CN-THM-AS,37.88,114.27,13.2,570.0,1.0,1.34,703.89
US-BRF-SOYBCT,30.53,-94.43,20.0,978.0,1.0,1.42,412.0
CN-HE-N0T,37.88,114.7,12.4,460.0,1.0,1.27,474.5
CN-DHS-ENF,23.13,112.58,21.0,1927.0,1.0,1.4,1026.11
CN-TRI-HP,30.23,120.15,17.0,1533.0,1.0,1.09,540.0
CN-TNF-100N,29.86666667,121.65,16.0,1374.0,1.0,1.06,1135.2
ES-CDG-UNNAT,36.83472222,-2.250277778,18.0,220.0,1.0,1.11,303.0
BE-LOC-FOR,51.11222222,3.850555556,9.5,726.0,0.9,1.5,740.0
CH-DAG-120YR,46.639,8.447,2.2,2400.0,0.4,0.9,160.5
NZ-MAR,-42.22,172.25,9.8,2000.0,1.0,0.6,650.0
CN-DMS,29.67,113.83,16.9,1430.0,1.0,1.28,897.0
ID-KAL-OP12CT,-2.794,111.82,27.0,2058.0,1.0,0.32,1200.0
CN-DBR-REH10N,23.17,112.17,21.4,1927.0,1.0,1.22,701.0
CN-IM-TSNG,43.6,116.7,1.4000000000000001,234.0,0.45999999999999996,1.11,693.6666666666666
US-BRF-NTWS,30.53,-94.43,20.0,978.0,1.0,1.42,842.0
US-KFF-CK,34.98166667,-97.52055556,16.3,895.0,1.0,1.2,1138.3333333333333
CN-HSQ-UPLAND,30.0,114.0,16.8,1577.0,1.0,1.36,151.0
US-KS-7YR,39.08,-96.58,12.0,834.0,1.0,1.18,1994.0
CN-DGS-EB,27.67,114.62,16.75,1591.0,0.92,0.79,1170.0
DE-HNP,51.07944444,10.45222222,7.75,775.0,1.0,0.99,876.875
UK-AHR-THIN7BYR5,51.15,-0.85,9.8,808.0,1.0,0.7,974.5
AU-HOS,-12.485,130.94,31.5,1700.0,1.0,1.41,1430.0
CN-BYX-200N,43.55277778,116.6747222,-0.4,400.0,1.0,1.22,194.0
CN-XLR-ANE,43.54999999999999,116.78000000000002,0.3,400.0,1.0,1.08,375.0
CN-HFB-PINENL,28.10833333,113.0416667,17.2,1450.0,1.0,1.57,564.0
US-LEF-PLA,18.3,-65.83,22.3,3920.0,0.92,0.55,967.0
BR-PEI-MAT,-9.88,-67.08,26.0,1940.0,0.01,1.25,1490.0
CH-DAG-10YR,46.639,8.447,2.2,2400.0,0.4,1.4,8.6
CN-AYH-NFE,36.5,114.2,14.0,700.0,0.75,1.51,190.12
JP-HKD-F,42.4,142.466,7.9,1365.0,1.0,0.63,698.975
CN-GX-MANR,22.17,106.83,21.0,1400.0,1.0,1.22,708.1
IT-SAR-MI,39.8,8.55,16.7,572.0,1.0,1.5,1062.15
CN-PFF-8YR,43.75,81.15,8.55,310.70000000000005,0.33,1.225,1771.0
CN-TRI-WL,30.23,120.15,17.0,1533.0,1.0,1.21,430.0
BR-PZS-11,-9.88,-67.07,26.0,1940.0,0.01,1.3,1830.0
US-FCO-GRA,40.6,-105.1,8.9,385.0,1.0,1.19,2777.0
ID-SUMBER,-1.716861111,103.8824167,26.0,2500.0,0.1,0.19,1304.0
CN-WDG-ORC,35.22,107.67,9.4,560.0,0.83,1.32,544.6666666666666
CN-SX-BF,36.07,112.1,11.0,600.0,1.0,0.95,689.85
CN-FJ-H,27.7,117.45,15.0,2000.0,1.0,0.85,1274.7
CN-NFR-GRA,47.43,128.63,1.5,550.0,0.75,1.01,205.6
ID-SAR-103N,2.82,111.93,32.8,2471.0,1.0,2.0,494.0
US-LEF-UPPER50N,18.3,-65.8,21.0,4300.0,0.25,0.6,1606.0
ES-NPC-SLMC,42.27,2.97,15.5,450.0,1.0,1.13,1384.0
MX-EEE,21.21,-87.18,24.2,1650.0,1.0,0.61,2738.5
US-HJA-DL,44.2416666675,-122.181666675,8.7,2370.0,1.0,0.82,1163.75
ES-NPC-SLO,42.27,2.97,15.5,450.0,1.0,1.36,1347.0
US-TAE-FOR60YR,27.67,-98.2,22.4,716.0,1.0,1.13,771.0
US-BRF-CTWSS,30.53,-94.43,20.0,978.0,1.0,1.42,718.0
CN-HIR,22.68,112.9,21.7,1900.0,1.0,0.99,2240.0
UK-AHR-THIN04YR4,51.15,-0.85,9.8,808.0,1.0,0.7,1106.8
US-MOC-CK,44.17,-96.68,6.3,602.0,0.33,1.2,1170.0
US-HJA-NI,44.25,-122.17,8.7,2370.0,1.0,0.82,460.0
CA-AB-ELL2,53.4,-113.55,2.8,342.0,0.33,1.02,925.0
US-LEF-UPPERCK,18.3,-65.8,21.0,4300.0,0.25,0.69,2372.5
CN-BTM-QUERCUS,33.5,112.0,15.1,900.0,0.75,0.71,802.0
CN-HN-RTSR,28.116,112.3,16.8,1358.3,1.0,1.21,118.25
ID-SAR-NATCK,2.82,111.85,27.7,2163.0,1.0,1.5,681.0
CN-HSQ-ORC,30.0,114.0,16.8,1577.0,1.0,1.24,198.0
CN-HFB-CAMPHORDL,28.10833333,113.0416667,17.2,1450.0,1.0,1.5,1177.0
CN-DNR-MF,23.17,112.53,21.4,1927.0,1.0,1.22,913.0
CN-HSQ-PADDY,30.0,114.0,16.8,1577.0,1.0,1.37,246.0
US-SWP-S3,39.65,-86.23,11.3,1095.0,1.0,1.2,980.0
CN-YTA,31.26666667,105.4666667,17.3,826.0,1.0,1.42,655.0
US-TAE-GROVECK,27.67,-98.2,22.4,716.0,1.0,1.09,896.0
CN-XLR-BAI,43.51250000000001,116.8272222,-1.3999999999999997,450.0,1.0,1.05,254.4333333333333
IE-SWI-LP35CM,52.3,-9.15,6.6,1600.0,0.91,0.11,370.295
CN-WNR-CH,27.05,118.15,19.4,1731.0,1.0,1.23,577.0
US-KS-0YR,39.08,-96.58,12.0,834.0,1.0,1.39,782.0
KR-HEL-SSS,37.46444444,127.0878667,13.5,1473.0,1.0,0.42,645.0
DE-SOL-COM,51.77,9.57,7.2,1038.0,0.67,1.2,615.0
BR-FNV-3YR,-9.585,-62.91,25.5,2200.0,0.25,1.3,750.0
UK-AHR-THIN7BYR4,51.15,-0.85,9.8,808.0,1.0,0.7,1096.7
MX-CDP-GRA,19.516,-96.988,19.3,2080.5,1.0,0.42,687.5
IE-SWI-SP5CM,52.3,-9.16,6.6,1600.0,0.91,0.12,537.525
CN-HLJ-CK,47.67375,127.45375,1.157142857142857,610.5625,0.69125,1.004,456.816
DE-UNT-CK,52.83,10.28,8.4,837.0,0.67,1.6,410.0
CN-XHH-GAD,30.52,120.17,16.7,1410.0,0.83,1.31,683.76
US-HJA-NL,44.25,-122.17,8.7,2370.0,1.0,0.82,620.0
US-AAF-NTFERT,43.28,-89.37,7.6,791.0,1.0,1.34,877.5
UK-AHR-THIN04YR5,51.15,-0.85,9.8,808.0,1.0,0.7,999.8
CN-HN-NTSR,28.116,112.3,16.8,1358.3,1.0,1.21,118.25
US-PR-T1000II,18.31,-65.8,19.0,4849.0,0.83,0.9,378.0
ID-LLN-CK,-1.552,120.02,25.5,2092.0,1.0,1.31,1110.0
CN-SMY-XUM,38.77,110.37,8.4,437.0,0.67,1.3,658.48
CA-AB-LIN1,54.2,-114.15,3.4,491.0,0.33,1.36,410.0
MW-ZOB-INT1,-15.5,35.25,24.0,930.0,1.0,1.44,1054.0
GB-CLO,53.05,-3.4683333335000004,8.2,1741.0,1.0,0.25,580.0
CN-SX-MF,36.07,112.1,11.0,600.0,1.0,1.04,569.4
US-STC-C3,42.18,-93.5,9.2,865.0,1.0,1.02,1300.0
AU-RMK-ICCK,-34.0,140.966,17.5,242.0,1.0,1.6,375.0
US-WA-CK,46.838194445,-119.9125,9.75,873.0,1.0,0.82,802.0
US-MCS-S6,39.28,-86.73,11.3,1095.0,1.0,1.1,970.0
DE-SOL-CK,51.645,9.57,6.800000000000001,1064.0,0.67,1.2,406.25
US-PR-T1000III,18.31,-65.8,19.0,4849.0,0.83,0.9,498.96
ID-HFR-CLAYFOR,-1.99,103.3,26.7,2235.0,1.0,1.0,1621.0
US-INY-YOU,42.510000000000005,-76.55,7.7,899.0,1.0,1.0,548.5
IN-CTK-RTVGNA,20.44,85.93,28.0,1500.0,1.0,1.41,104.0
CN-YN-RF,21.919,101.27,22.26,1166.0,1.0,1.12,848.0
CN-SC-DAY,30.883,102.966,8.4,861.8,1.0,1.47,836.34
CN-HT-P,26.67,109.43,16.5,1200.0,1.0,1.32,505.525
IN-ANA-PW,34.0,75.28,17.0,1289.0,0.75,0.44,857.115
US-BRF-SORGNT,30.53,-94.43,20.0,978.0,1.0,1.52,519.0
CN-HN-CT,28.116,112.3,16.8,1358.3,1.0,1.21,113.92
CN-SN-N1,35.575,110.08500000000001,6.2,770.0,0.54,1.12,919.8
CN-HNR-DL,26.8,109.6,16.5,1200.0,1.0,1.23,679.0
CN-YAE-CRO,31.27,105.47,17.3,826.0,1.0,1.49,452.0
CN-GS-WN,36.03,104.41,6.5,305.0,1.0,1.22,563.925
US-LAB-S1,39.77,-86.18,11.3,1095.0,1.0,1.0,750.0
CN-HB-SITE2,29.7,113.88,16.9,1429.5,1.0,1.2,3860.0
US-HET-SPE800,19.94480556,-155.2622778,18.2,4204.0,1.0,0.21,1953.0
UK-AHR-YR5,51.15,-0.85,9.8,808.0,1.0,0.7,986.3
US-TLR-RWINT,35.90611111,-76.15694444,16.6,1330.0,1.0,0.87,619.0
US-BRF-SORGCT,30.53,-94.43,20.0,978.0,1.0,1.42,515.0
ES-MD-NOFC,40.05,-3.52,14.0,350.0,1.0,1.36,146.154
ID-HFR-CLAYOIL,-1.99,103.3,26.7,2235.0,1.0,1.1,1029.0
IN-JHA-REF,23.7,84.99,23.0,975.0,1.0,1.73,1440.18
CN-SX-TRITICUM,35.2,107.667,9.4,560.0,1.0,1.3,693.5
CN-TMM-TTHINN,30.31666667,119.4416667,16.8,1420.0,1.0,1.3,761.1
FI-KAN-SITE1,65.92,23.85,2.3,525.0,1.0,0.25,682.0
US-BRF-SOYBNT,30.53,-94.43,20.0,978.0,1.0,1.52,509.0
CN-YAE-GRA,31.27,105.47,17.3,826.0,1.0,1.52,480.0
CN-XFF-2700M,38.0,99.0,0.4,435.0,0.54,0.62,574.0
CN-HBS-45YR,42.412,117.2474,-1.4,450.0,0.416,1.47,468.0
CN-DBR-DIS5N,23.17,112.17,21.4,1927.0,1.0,1.16,552.0
CN-YN-YR,21.943,101.243,22.26,1166.0,1.0,1.22,509.0
CN-BJ-OPP,40.016,116.383,12.5,540.0,1.0,1.62,394.0
ES-NPC-IRMB,42.27,2.97,15.5,450.0,1.0,0.96,770.0
CD-KIV-GLY,-4.7447,10.0211,25.0,1216.0,1.0,1.3,662.0
CN-TLS-PER,37.87,112.55,10.0,478.4,1.0,1.37,1002.0
US-NC-HFREQ,35.78,-75.9,16.9,1270.0,1.0,0.08,1014.0
CN-STL20YR150N,27.03333333,118.1333333,18.7,1664.0,1.0,1.28,927.0
CN-IM-DSSG,41.8,111.90000000000002,3.1,175.0,0.45999999999999996,1.33,378.3333333333333
IT-SAR-SL,39.8,8.55,16.7,572.0,1.0,1.5,1470.95
CN-SC-LARGE,31.616,103.90000000000002,8.9,900.0,1.0,0.96,480.5833333333333
CN-GS-RT2INT,37.96,102.64,7.2,156.0,1.0,1.4,283.5
CN-SN-N135,35.2,107.68,10.0,528.5,1.0,1.3,470.0
US-WI-A,45.53,-87.93,6.9,740.0,1.0,1.13,1487.0
CN-HBS-10YR,42.412,117.2474,-1.4,450.0,0.416,1.47,427.0
IT-SCL-WWNT,37.5,13.5,15.9,552.0,1.0,1.11,233.6
CN-QES,26.7406250025,115.061875025,17.9,1474.0,1.0,1.5,697.375
US-TLR-RWDRY,35.90611111,-76.15694444,16.6,1330.0,1.0,0.98,676.0
US-PR-T350I,18.32,-65.82,25.0,3537.0,0.83,0.8,385.56
CR-LSB-OLD,10.33,-83.83,26.0,4200.0,1.0,0.81,1065.0
CN-GS-RTCK,37.96,102.64,7.2,156.0,1.0,1.4,355.32
CN-HN-CTSR,28.116,112.3,16.8,1358.3,1.0,1.21,115.25
CN-FJ-M,27.7,117.45,15.0,2000.0,1.0,0.86,753.8
US-HJA-DW,44.25,-122.17,8.7,2370.0,1.0,0.82,1396.6666666666667
CN-HLG-SF,29.42,101.83,5.3,1900.0,1.0,0.15,643.0
US-INY-MAT,42.510000000000005,-76.55,7.7,899.0,1.0,0.8,473.0
US-HET-HAK1600,19.84202778,-155.2931111,13.0,3195.0,1.0,0.23,1493.0
CN-IM-TSSG,43.6,116.7,0.9,344.0,0.45999999999999996,1.09,510.6666666666667
CN-LOP-MIL,35.2,107.67,9.4,560.0,1.0,1.3,908.24
KR-WNE-VSV,35.20583333,128.1733333,13.1,1490.0,1.0,1.0,789.0
IT-SCL-WBNT,37.5,13.5,15.9,552.0,1.0,1.1,204.4
US-COR-IRG,44.02611111,-123.1822222,11.4,1134.0,1.0,0.6,1097.0
ES-NPC-SLMB,42.27,2.97,15.5,450.0,1.0,0.96,1299.0
CN-BYX-CK,43.55277778,116.6747222,-0.4,400.0,1.0,1.22,127.0
CN-HFB-PINEDL,28.10833333,113.0416667,17.2,1450.0,1.0,1.57,689.0
CN-YSF-CFCCUTSLA,26.41666667,117.8333333,19.2,1688.0,1.0,1.1,448.0
UK-AHR-THIN7AYR5,51.15,-0.85,9.8,808.0,1.0,0.7,1062.6
TH-MAM-TP,18.67,99.78,25.3,1382.6,1.0,1.4,326.8
CN-DHS-BFCK,23.168000000000003,112.55,21.133333333333333,1936.6666666666667,1.0,0.86,1164.3333333333333
CN-BYX-100N,43.55277778,116.6747222,-0.4,400.0,1.0,1.22,195.0
US-HW-NAP50,20.89,-156.41,23.4,241.0,1.0,1.35,1193.55
CN-DHS-PFCK,23.168000000000003,112.55,21.133333333333333,1936.6666666666667,1.0,1.32,1059.6666666666667
CL-NN-D4,-34.13,-71.05,14.9,503.0,1.0,1.7,392.5
CN-HLJ-PM2,47.43,126.62,1.9,556.0,1.0,1.0,370.0
CN-JX-A40,26.73,115.05,17.9,1505.0,1.0,1.54,517.0
CN-YN-FORUP,22.2,100.63,19.0,1490.0,1.0,1.11,604.8
US-CNF-THINN,35.13,-111.65,11.15,963.0,0.42,1.1066666665,1649.0
US-HAF-CK,42.5583333325,-72.4999999975,6.0,1152.5,0.67,0.16,932.0
CH-AA1,-41.53,-72.6,7.26,4860.0,1.0,0.16,502.0
CN-DHS-EBF,23.13,112.58,21.0,1927.0,1.0,0.85,1141.75
US-HW-SUG50,20.89,-156.41,23.4,241.0,1.0,1.35,1043.9
CN-SMY-CMH,38.77,110.37,8.4,437.0,0.67,1.54,473.04
MW-ZOB-CK,-15.5,35.25,24.0,930.0,1.0,1.44,408.0
CN-WDG-WOO,35.22,107.67,9.4,560.0,0.83,1.23,780.3333333333334
CN-YN-RT,21.907,101.27,22.26,1166.0,1.0,1.09,598.0
CH-CHA,47.21,8.41,9.1,1151.0,1.0,1.1,339.0
KR-WNE-SV,35.20583333,128.1733333,13.1,1490.0,1.0,1.07,1097.0
ES-MD-NOVT,40.05,-3.52,14.0,350.0,1.0,1.36,195.393
ID-DBNP-CLAYRUB,-2.04,102.72,26.7,2235.0,1.0,0.9,1609.0
CA-CAR-CHMB2,49.85,-125.32,8.6,1452.0,1.0,1.35,1350.0
CN-DMN-CF,23.17,112.53,20.8,1956.0,1.0,1.32,1075.0
CN-DHS-PF,23.156666666666666,112.51333333333334,21.866666666666664,1762.3333333333333,1.0,1.4,1013.4
CN-TLS-GRA,37.73,112.42,10.0,478.0,0.83,1.38,1242.2366666666667
KR-WNE-MR,35.20583333,128.1733333,13.1,1490.0,1.0,1.23,925.0
ES-MD-FC,40.05,-3.52,14.0,350.0,1.0,1.36,217.743
CN-TLS-ROX,37.87,112.55,10.0,478.4,1.0,1.15,1169.0
ID-KAL-BL3,2.3,114.0,26.3,2235.0,1.0,0.13,1016.16
CN-IM-MSSG,45.1,120.3,0.9,344.0,0.45999999999999996,1.12,896.6666666666666
CN-ZCE-286N,31.0,110.5,18.0,1164.0,1.0,1.5,240.0
CN-NFR-SOY,47.43,128.63,1.5,550.0,0.75,1.06,315.1
CN-GS-W,36.03,104.41,6.5,305.0,1.0,1.22,549.325
CN-IM-CK,44.43936363636364,116.86627272727273,2.2927272727272725,350.97272727272724,0.54,1.2925,466.3533333333333
KR-SEF,35.45,127.63,12.8,1322.0,0.83,0.82,821.0
CN-HE-N0C,37.88,114.7,12.4,460.0,1.0,1.27,445.3
US-TAE-WODCK,27.67,-98.2,22.4,716.0,1.0,1.13,876.0
CG-KIS-HS,-4.74,12.02,25.0,1274.0,1.0,1.3,653.0
CN-SX-PISUM,35.2,107.667,9.4,560.0,1.0,1.3,646.05
CN-FJ-L,27.7,117.45,15.0,2000.0,1.0,0.81,842.7
BR-HUM-MAT,-9.77,-67.66,26.0,1940.0,0.01,1.25,1470.0
ES-NPC-SLV,42.27,2.97,15.5,450.0,1.0,1.64,1207.0
US-TLR-RWWET,35.90611111,-76.15694444,16.6,1330.0,1.0,0.34,385.0
US-KRR-LOWBIOM,49.42,-119.12,5.7,660.0,1.0,0.98,856.0
BR-JAB-M,-21.25,-48.31,22.3,1424.0,1.0,1.57,1620.0
BE-DIF-GRA,51.3,4.52,9.8,750.0,1.0,1.2,1360.0
KR-HEL-PDS,37.46444444,127.0878667,13.5,1473.0,1.0,0.5,864.0
US-TPR-CRO,38.9,-92.33,12.5,973.0,1.0,1.37,330.0
CN-HT-NP,26.67,109.43,16.5,1200.0,1.0,1.38,503.70000000000005
PA-BCI-AUTO,9.15,-79.833,27.0,2642.0,1.0,0.75,1261.6833333333334
CH-AA2,-41.53,-72.6,7.26,4860.0,1.0,0.22,574.5
CN-ZJ-PHY,30.23333333,119.7,15.8,1629.0,1.0,0.99,946.0
CN-BJ-SF,40.225,116.1165,11.0,1330.0,1.0,1.4,537.75
PA-BCI-MANU,9.15,-79.833,27.0,2642.0,1.0,0.75,1565.8500000000001
US-BRF-CTWS,30.53,-94.43,20.0,978.0,1.0,1.42,817.0
CN-TTP-HN,29.87,121.65,16.0,1374.0,1.0,1.06,1154.22
ID-SLS-CRO,-1.5,103.6,26.0,2490.0,0.46,0.4,2653.0
KR-HWS-THINN,35.48444444,127.9711111,12.9,1479.0,1.0,0.84,573.0
CA-OTR-FALLING,43.54111111,-80.20888889,7.2,833.0,0.5,1.2,586.0
KR-JJ-CK,35.446000000000005,128.18,15.575,1378.25,0.732,1.4,365.65000000000003
CH-CHAMAU,47.21027778,9.410555556,9.1,1151.0,1.0,1.05,2460.0
CN-GX-BURN,22.17,106.83,21.0,1400.0,1.0,1.36,751.9
CN-DHS-MFCK,23.168000000000003,112.55,21.133333333333333,1936.6666666666667,1.0,1.1,1147.0
US-FIFG-475PPM,38.73,-120.8,18.0,1000.0,0.25,1.14,796.0
PA-SAR-FORNAT,9.15,-79.85,26.0,2600.0,1.0,0.85,1968.0
UK-LC-LC,53.23,-0.54,9.9,605.0,0.9325,1.46,294.75
CN-TTP-CK,29.87,121.65,16.0,1374.0,1.0,1.07,949.87
CN-QERC-MP2,26.73,115.05,6.4,1469.0,1.0,1.42,975.3
US-KS-26YR,39.08,-96.58,12.0,834.0,1.0,1.18,2959.0
CN-ZCE-557N,31.0,110.5,18.0,1164.0,1.0,1.34,180.0
CN-HB-JULU,37.33,115.0,13.3,481.0,1.0,1.31,1825.0
ES-BSL-L1AG,41.83,2.5,12.0,872.0,1.0,1.09,220.185
US-FIFG-CK,38.73,-120.8,18.0,1000.0,0.25,1.14,478.0
CN-DBR-CK,23.17,112.17,21.0,1927.0,1.0,0.98,604.0
IE-CL-CF,52.6,-8.9,10.7,978.0,1.0,1.09,817.6
IT-PCC-CK,40.61666667,8.166666667,16.8,640.0,1.0,1.1,1118.3333333333333
US-TAE-GRAIRG,27.67,-98.2,22.4,716.0,1.0,1.47,1165.0
IE-SWI-SP45CM,52.3,-9.16,6.6,1600.0,0.91,0.12,441.965
CN-DHS-BFIRG,23.17,112.6,21.4,1956.0,1.0,0.86,1166.0
CN-QES-WSM,36.87,115.02,13.199999999999998,494.0,1.0,1.37,873.6666666666666
US-MIC-YEK,5.33,162.95,27.0,5000.0,1.0,0.13,812.0
US-HFP-CK,42.515,-72.17500000000001,7.25,1065.0,0.45999999999999996,0.64,930.0
JP-SAC,36.32,140.15,13.1,1330.0,1.0,0.357,485.0
US-AAF-CT,43.28,-89.37,7.6,791.0,1.0,1.34,893.75
CN-QERC-MP3,26.73,115.05,6.4,1469.0,1.0,1.42,975.3
IE-OPR-CRO2,52.85,-6.9,9.4,824.0,1.0,1.42,1230.0
ID-HFR-CLAYRUB,-1.99,103.3,26.7,2235.0,1.0,1.1,1652.0
CN-SX-PANICUM,35.2,107.667,9.4,560.0,1.0,1.3,759.2
CN-XEF-VII,26.19,117.43,19.1,1749.0,1.0,0.93,1246.0
IN-CTK-CKVGNA,20.44,85.93,28.0,1500.0,1.0,1.41,128.0
CN-WNR,27.03333333,118.1333333,18.7,1664.0,1.0,0.94,1858.0
US-TAE-GROVEIRG,27.67,-98.2,22.4,716.0,1.0,1.09,2071.0
NO-END-CAS,78.0,19.0,-5.7,180.0,0.33,0.7,103.0
CN-QES-OWM,36.87,115.02,13.199999999999998,494.0,1.0,1.37,1122.6666666666667
US-WA-HEAT,46.89638889,-122.735,10.5,1196.0,1.0,0.82,956.0
CN-SMY-NIT,38.77,110.37,8.4,437.0,0.67,1.38,650.91
CN-EH-BF,28.47,89.85,12.0,1120.0,1.0,0.61,1450.0
CN-ZJ-MS,30.41,119.86,15.9,1450.0,1.0,1.17,937.1579
US-SOR-HEATIRG,42.27805556,-123.6427778,12.3,1434.0,1.0,1.04,1158.0
CA-CAR-CHMB4,49.85,-125.32,8.6,1452.0,1.0,1.35,2600.0
US-HFP-HEAT,42.5,-72.17,6.0,1080.0,0.42,0.64,1250.0
CN-HAF-MAT,24.92,118.92,19.8,1250.0,1.0,1.37,1210.99
BE-DIF-PINER,51.3,4.52,9.8,750.0,1.0,1.2,565.0
CN-SHB-YOU,42.41,117.25,-1.4,450.0,0.75,1.5,445.9
US-WI-AVG,45.53,-87.93,6.9,740.0,1.0,0.94,1376.0
US-FL-CK,30.65,-84.2,19.05,1370.0,1.0,1.07,1863.54
CN-NX-ALGAE,37.2983,105.765,8.85,239.25,0.705,1.69,90.0653
ID-KAL-BL2,2.3,114.0,26.3,2235.0,1.0,0.22,630.72
BR-PEI-SEC3C,-9.77,-67.66,26.0,1940.0,0.01,1.25,1690.0
CN-HFB-CAMPHORNL,28.10833333,113.0416667,17.2,1450.0,1.0,1.5,730.0
US-KS-1YR,39.08,-96.58,12.0,834.0,1.0,1.327,1629.0
TH-MAM-MDF,18.67,99.78,25.3,1382.6,1.0,1.29,313.2
US-KS-15YR,39.08,-96.58,12.0,834.0,1.0,1.19,2639.0
CN-NX-MOSS,37.2983,105.765,8.85,239.25,0.705,1.7,251.0839
CN-HLJ-NF,47.43,126.62,1.8999999999999997,556.0,1.0,1.0,429.6666666666667
CN-DBR-5GN,23.17,112.17,21.0,1927.0,1.0,0.98,631.0
CN-SC-MEDI,31.616,103.90000000000002,8.9,900.0,1.0,0.9,502.48333333333335
CN-HTP-HEAT,31.2,121.12,17.7,1044.7,1.0,1.68,973.0
CN-THM-RP,37.88,114.27,13.2,570.0,1.0,1.36,684.97
IN-JHA-2YR,23.7,84.99,23.0,975.0,1.0,1.86,302.4
US-AAR-NT,43.3,-89.35,7.5,940.0,0.67,1.34,535.0
CN-DBR-REHCK,23.17,112.17,21.4,1927.0,1.0,1.22,780.0
CN-HEE-AS,37.88333333,114.2666667,13.2,570.0,1.0,1.34,704.0
DE-SPP-CK,50.13166667,11.88083333,6.3,1020.0,1.0,0.11,336.0
FR-HFH-H2,48.68,7.07,9.7,913.0,1.0,1.15,527.0
US-HW-SUG100,20.89,-156.41,23.4,241.0,1.0,1.35,1142.45
IT-SAR-MA,39.8,8.55,16.7,572.0,1.0,1.5,1646.15
IN-ANA-CD,33.97,75.3,17.0,1289.0,0.75,0.59,703.0799999999999
US-INY-PLANT,42.510000000000005,-76.55,7.7,899.0,1.0,0.8,303.0
CN-HN-CK,30.177500000000002,110.325,15.8,1047.0,0.79,0.7,639.225
US-OT-CK,44.73,-78.34,4.7,920.0,1.0,1.1,640.0
CN-TRI-VF,30.23,120.15,17.0,1533.0,1.0,1.05,520.0
CN-ZNF-20YR,30.8,111.3,18.0,1125.0,1.0,1.13,734.0
CN-QSF-CC,31.67,121.5,15.3,1003.7,1.0,1.35,1124.0
CN-QES-CWM,36.87,115.02,13.199999999999998,494.0,1.0,1.37,848.0
US-KOP-SITEB1,39.08,-96.58,12.9,844.0,1.0,1.2,1113.0
CN-DBR-70YR,23.16666667,112.5,21.0,1956.0,1.0,1.32,1075.0
US-TLR-AG,35.90611111,-76.15694444,16.6,1330.0,1.0,1.31,646.0
US-AAR-CK,43.3,-89.35,7.5,940.0,0.67,1.33,719.0
CN-AYH-CK,36.5,114.2,14.0,700.0,0.75,1.51,177.27
KR-MKU-CTS,37.45,127.27,10.8,790.0,1.0,0.93,922.0
CN-HT-N,26.67,109.43,16.5,1200.0,1.0,1.41,489.1
ES-MD-BA,40.05,-3.52,14.0,350.0,1.0,1.36,186.359
CN-GS-RTMONO1,37.96,102.64,7.2,156.0,1.0,1.4,468.72
CN-HLG-PF,29.42,101.83,5.3,1900.0,1.0,0.12,908.0
CN-LOP-WHE,35.2,107.67,9.4,560.0,1.0,1.3,616.85
ES-NPC-IRPR,42.27,2.97,15.5,450.0,1.0,1.1,715.0
KR-WCP,37.75704722,127.15322780000001,11.5,1436.0,1.0,0.86,798.3333333333334
CA-OTR-WILLIANS,43.54111111,-80.20888889,7.2,833.0,0.5,1.2,457.0
PA-SAP-3P,9.32,-79.63,26.5,1850.0,0.167,9.3,2116.0
ES-NPC-IRPI,42.27,2.97,15.5,450.0,1.0,1.16,1157.0
US-OT-WARM,44.73,-78.34,4.7,920.0,1.0,1.0,680.0
CN-THM-VN,37.88,114.27,13.2,570.0,1.0,1.54,484.4
US-TAE-GRACK,27.67,-98.2,22.4,716.0,1.0,1.47,786.0
IN-JHA-14YR,23.7,84.99,23.0,975.0,1.0,1.52,1156.68
CH-DAG-70YR,46.639,8.447,2.2,2400.0,0.4,1.16,66.6
ES-SW-SHR,37.35,-5.93,19.0,565.7,1.0,1.41,848.13
US-FL-2YR,30.65,-84.2,19.05,1370.0,1.0,1.26,1417.5
CN-XIN-FOR,30.03,114.37,16.8,577.0,1.0,1.36,145.0
US-AAF-CTFERT,43.28,-89.37,7.6,791.0,1.0,1.34,891.25
CN-ZCE-507N,31.0,110.5,18.0,1164.0,1.0,1.28,164.0
US-UON-CM,40.83,-96.65,11.5,682.0,0.17,1.37,979.0
ID-DBNP-CLAYJR,-2.04,102.72,26.7,2235.0,1.0,0.8,1611.0
CN-HFB-MFNL,28.10833333,113.0416667,17.2,1450.0,1.0,1.36,636.0
ES-PRD1,41.22,0.92,12.0,547.0,1.0,1.26,1069.0
CN-NFR-WET,47.43,128.63,1.5,550.0,0.75,1.14,170.9
CN-LOP-PEA,35.2,107.67,9.4,560.0,1.0,1.3,836.34
CN-SC-NIGHT,30.883,102.966,8.4,861.8,1.0,1.47,594.14
ID-KAL-OP12FT,-2.794,111.82,27.0,2058.0,1.0,0.34,1160.0
US-FL-1YR,30.65,-84.2,19.05,1370.0,1.0,1.24,1009.26
ES-MD-NOF,40.05,-3.52,14.0,350.0,1.0,1.36,168.732
BR-PEI-P14,-9.77,-67.66,26.0,1940.0,0.01,1.4,2280.0
US-FCO-CORN,40.6,-105.1,8.9,385.0,1.0,1.25,1200.0
CN-SN-N45,35.2,107.68,10.0,528.5,1.0,1.3,400.0
US-TLR-FWWET,35.90611111,-76.15694444,16.6,1330.0,1.0,0.06,633.0
US-TAE-WODIRG,27.67,-98.2,22.4,716.0,1.0,1.13,1802.0
CN-QES-CK,26.74203,115.05783000000001,17.9,1485.0,1.0,1.51,668.6666666666666
CN-ZNF-30YR,30.8,111.3,18.0,1125.0,1.0,1.53,757.0
NL-OLD,52.4,5.915,10.3,1004.0,1.0,0.11,345.22
PA-SAP-6P,9.32,-79.63,26.5,1850.0,0.167,8.6,1819.0
US-CA-CK,37.945,-121.9675,23.5,1255.0,0.625,0.65,1960.488
US-KS-NP,39.08,-96.58,12.0,834.0,1.0,1.0,3212.0
CN-TNF-CK,29.86666667,121.65,16.0,1374.0,1.0,1.07,946.0
IE-SWI-SP10CM,52.3,-9.16,6.6,1600.0,0.91,0.12,489.745
US-SOR-CK,42.27805556,-123.6427778,12.3,1434.0,1.0,1.04,979.0
BR-IGA-ELD,-1.13,-47.79,26.0,2500.0,1.0,1.4,2185.0
CN-HE-N1C,37.88,114.7,12.4,460.0,1.0,1.27,507.35
US-PR-T350II,18.32,-65.82,25.0,3537.0,0.83,0.8,415.8
CN-BTM-80YR,33.5,112.0,15.1,900.0,1.0,0.65,806.0
ID-LLN-DRY,-1.552,120.02,25.5,2092.0,1.0,1.31,1050.0
IN-ANA-MC,34.0,75.3,17.0,1289.0,0.75,0.49,891.6075
IN-BHU,25.3,80.02,26.0,1190.0,1.0,1.35,430.0
US-KFF-3C,34.98166667,-97.52055556,16.3,895.0,1.0,1.2,1075.0
CN-DGS-MB,27.67,114.62,16.75,1591.0,0.92,0.78,711.0
AU-RMK-UCBURN,-34.01,140.983,17.5,242.0,1.0,1.6,571.0
ES-PRM,41.77,2.35,12.0,902.0,1.0,1.43,727.0
CL-NN-D2,-34.13,-71.05,14.9,503.0,1.0,1.61,1072.5
US-TLR-FWDRY,35.90611111,-76.15694444,16.6,1330.0,1.0,0.17,985.0
US-KOP-UBURN,39.08,-96.58,12.9,844.0,1.0,1.2,1072.0
CN-XHH-PLA,30.52,120.17,16.7,1410.0,0.83,1.18,635.74
US-PR-T1000I,18.31,-65.8,19.0,4849.0,0.83,0.9,1096.2
JP-SHE-CK,42.43333333,142.4833333,7.9,1365.0,1.0,0.78,1050.0
IT-SCL-WWCT,37.5,13.5,15.9,552.0,1.0,1.04,317.55
IN-MOH-MF,33.0,73.0,23.0,1069.0,1.0,1.31,666.5
KR-MKU-RTF,37.45,127.27,10.8,790.0,1.0,0.69,982.0
US-BRF-NTWSS,30.53,-94.43,20.0,978.0,1.0,1.42,667.0
CN-GS-RTMONO2,37.96,102.64,7.2,156.0,1.0,1.4,396.9
CN-DNR-PF,23.17,112.53,21.4,1927.0,1.0,1.093,1077.0
US-WRCCR-20YR,45.82,-121.95,8.7,2500.0,1.0,1.0,1367.0
UK-AHR-YR1,51.15,-0.85,9.8,808.0,1.0,0.7,960.7
US-SIS-SITE8,45.03,-68.77,5.1,920.0,0.5,1.39,478.0
IN-SAU,21.0,83.75,26.9,1396.5,1.0,1.65,660.0
CN-BTM-QAO,33.47,111.92,15.1,900.0,1.0,1.02,779.12
CN-SD-YC,36.95,116.6,13.1,528.0,1.0,1.28,825.25
ES-NPC-SLS,42.27,2.97,15.5,450.0,1.0,1.14,1437.0
ID-KAL-CL1,2.3,114.0,26.3,2235.0,1.0,0.38,3074.76
CN-SMY-LUH,38.77,110.37,8.4,437.0,0.67,1.2,575.22
CN-XEF-III,26.19,117.43,19.1,1749.0,1.0,1.2,476.0
CN-ZJ-UR,30.41,119.86,15.9,1450.0,1.0,1.19,873.85485
ES-PRD2,41.22,0.92,12.0,547.0,1.0,1.32,657.0
US-HET-SPE934,19.94480556,-155.2622778,17.3,4133.0,1.0,0.19,2234.0
CN-WNR-CR,27.05,118.15,19.4,1731.0,1.0,1.16,1001.0
CN-DAS-PLAN,31.7,103.87,8.9,900.0,0.42,1.02,435.0
CH-CI-ANC,-41.87,-73.67,10.0,2110.0,1.0,0.49,1131.82
CN-DBR-400YR,23.16666667,112.5,21.0,1956.0,1.0,0.86,1314.0
CN-DGS-CF,27.67,114.62,16.75,1591.0,0.92,0.88,1284.0
ID-KAL-GL,2.3,114.0,26.3,2235.0,1.0,0.33,2268.84
US-AAR-CT,43.3,-89.35,7.5,940.0,0.67,1.34,508.0
US-WI-B,45.53,-87.93,6.9,740.0,1.0,1.08,1527.0
US-UON-MS,40.83,-96.65,11.5,682.0,0.17,1.37,967.0
US-BLF,38.9,-120.63,11.9,1660.0,0.75,0.73,1446.0
CN-CFP20YR,27.03333333,118.1333333,18.7,1664.0,1.0,1.08,959.3333333333334
ID-KAL-FORCT,-2.823,111.84,27.0,2058.0,1.0,0.15,1310.0
US-COR-HEAT,44.02611111,-123.1822222,11.4,1134.0,1.0,0.6,1303.0
BE-DIF-PINE,51.302499999999995,4.52,9.8,754.25,1.0,1.2,433.0
CN-XEF-II,26.19,117.43,19.1,1749.0,1.0,1.1,981.0
CN-HLJ-CM1,47.43,126.62,1.9,556.0,1.0,1.0,367.5
US-KS-35YR,39.08,-96.58,12.0,834.0,1.0,1.1,2706.0
BR-JAB-L,-21.25,-48.31,22.3,1424.0,1.0,1.59,2183.18
UK-AHR-THIN04YR3,51.15,-0.85,9.8,808.0,1.0,0.7,892.9
IT-TRC-IRG,42.18333333,11.93333333,13.0,729.0,1.0,0.49,1887.0
CN-SHB-GR,42.5,117.35,-1.4,450.1,1.0,0.92,450.4
BR-JAB-H,-21.25,-48.31,22.3,1424.0,1.0,1.61,1205.455
ID-KAL-OP07CT,-2.791,111.8,27.0,2058.0,1.0,0.27,2050.0
CN-HLJ-CM2,47.43,126.62,1.9,556.0,1.0,1.0,327.0
CN-HEE-VN,37.88333333,114.2666667,13.2,570.0,1.0,1.54,484.0
CN-XIN-CRO,30.03,114.37,16.8,577.0,1.0,1.37,308.0
IT-PCC-DRY,40.61666667,8.166666667,16.8,640.0,1.0,1.1,1036.3333333333333
CN-HB-SITE1,29.7,113.88,16.9,1429.5,1.0,1.28,3260.0
US-WI-D,45.53,-87.93,6.9,740.0,1.0,1.12,1014.0
IE-SWI-LP10CM,52.3,-9.15,6.6,1600.0,0.91,0.11,418.075
CN-GNR-SF,26.18,117.47,20.1,1670.0,1.0,1.12,1118.0
ID-SLS-SWAMPBURN,-1.5,103.6,26.0,2490.0,0.46,0.33,1680.0
CL-NN-D1,-34.13,-71.05,14.9,503.0,1.0,1.5,1735.0
BE-DIF-PINEP,51.3,4.52,9.8,750.0,1.0,1.2,510.0
ES-NPC-IRMC,42.27,2.97,15.5,450.0,1.0,1.13,954.0
CN-BDM,40.373,115.944,10.8,454.0,1.0,1.6,838.0
CL-NN-D3,-34.13,-71.05,14.9,503.0,1.0,1.58,419.5
CN-SD-SR,36.95,117.97,12.4,600.0,1.0,1.52,1373.71
CN-SHB-SAP,42.41,117.25,-1.4,450.0,0.75,1.47,426.22
US-TAE-CLUIRG,27.67,-98.2,22.4,716.0,1.0,1.27,1224.0
CN-HEN-WHEAT1,34.82,114.28,14.3,627.0,1.0,1.31,798.0
CN-TMF-S2,24.33,117.43,22.0,1859.0,1.0,1.35,1033.13
CN-SHB-EC,42.5,117.35,-1.4,450.1,1.0,0.98,464.8
CN-TMM-MTHINN,30.31666667,119.4416667,16.8,1420.0,1.0,1.4,1443.6
CN-HI-SF,18.6,108.9,19.15,2198.0,1.0,1.21,1300.0
IE-SWI-LP45CM,52.3,-9.15,6.6,1600.0,0.91,0.11,370.295
CN-SF20YR,27.03333333,118.1333333,18.7,1664.0,1.0,1.09,1254.0
ID-DBNP-CLAYFOR,-2.04,102.72,26.7,2235.0,1.0,1.0,1693.0
CN-SMY-HUD,38.77,110.37,8.4,437.0,0.67,1.51,480.61
BR-IGA-MANG,-1.13,-47.79,26.0,2500.0,1.0,1.4,2230.0
CN-IM-DSNG,41.8,111.90000000000002,1.4000000000000001,234.0,0.45999999999999996,1.29,407.6666666666667
CN-YSF-BFCCUTSLA,26.41666667,117.8333333,19.2,1688.0,1.0,0.96,1382.0
CN-XFF-2800M,38.0,99.0,0.15,435.0,0.54,0.65,539.0
CN-HNR-NR,26.8,109.6,16.5,1200.0,1.0,1.23,407.0
CN-HAF-YOU,24.92,118.92,19.8,1250.0,1.0,1.22,1026.69
CG-KIS-DH,-4.74,12.02,25.0,1274.0,1.0,1.3,662.0
DE-SPP-IRG,50.13166667,11.88083333,6.3,1020.0,1.0,0.11,214.0
IT-TRC-DRY,42.18333333,11.93333333,13.0,729.0,1.0,0.49,1415.0
MX-EIM,32.03017,-116.604219,17.0,309.0,1.0,0.82,367.0
ZA-PTZ-AB,-30.4,24.4,16.0,694.0,1.0,1.07,885.54
US-KS-3YR,39.08,-96.58,12.0,834.0,1.0,1.311,1831.0
AU-RMK-ICBURN,-34.01,140.983,17.5,242.0,1.0,1.6,337.0
BE-DIF-OAKP,51.3,4.52,9.8,750.0,1.0,1.4,970.0
CD-KIV-DISK,-4.7447,10.0211,25.0,1216.0,1.0,1.3,653.0
US-PR-T350III,18.32,-65.82,25.0,3537.0,0.83,0.8,551.88
CN-HTP-CK,31.2,121.12,17.7,1044.7,1.0,1.68,742.0
ID-ARANG,-1.637622222,103.7800389,26.0,2500.0,0.5,0.17,1219.0
CN-HFB-PINECK,28.10833333,113.0416667,17.2,1450.0,1.0,1.57,723.0
US-JSJ-HERB,33.81,-116.78,10.3,507.0,1.0,1.2,341.0
CN-GS-CK,36.03,104.41,6.5,305.0,1.0,1.22,563.925
US-MIC-ACER,47.1,-88.87,5.0,860.0,1.0,0.98,792.5
CN-SC-CK,31.0945,103.73750000000001,9.175,1255.75,1.0,0.79,604.6625
ID-DBNP-CLAYOIL,-2.04,102.72,26.7,2235.0,1.0,0.9,922.0
IT-SCL-WWDL,37.5,13.5,15.9,552.0,1.0,1.08,313.9
KR-WNE-VS,35.20583333,128.1733333,13.1,1490.0,1.0,1.05,1090.0
DK-MOLS,56.38777777666667,10.949999999999998,9.033333333333333,701.0,1.0,0.7999999999999999,961.19
CN-HLG-CCL,29.42,101.83,5.3,1900.0,1.0,0.26,1135.0
ES-MD-NOBA,40.05,-3.52,14.0,350.0,1.0,1.36,209.232
CN-NFR-MZ,47.43,128.63,1.5,550.0,0.75,1.07,215.2
CN-HEE-RP,37.88333333,114.2666667,13.2,570.0,1.0,1.36,685.0
CN-TME-SHR,37.90333333,114.24745,13.0,560.0,1.0,1.38,464.1
US-LEC-CCUT,32.8,-89.7,17.3,1346.0,1.0,1.32,620.0
US-HET-WPL1204,19.94480556,-155.2622778,15.5,3521.0,1.0,0.23,1726.0
CN-XFF-2500M,38.0,99.0,0.655,435.0,0.54,0.52,638.0
CN-ZJ-CK,30.17,119.35499999999999,15.9,1450.0,1.0,1.18,950.0464
US-WI-C,45.53,-87.93,6.9,740.0,1.0,0.97,1171.0
CN-ZNF-46YR,30.8,111.3,18.0,1125.0,1.0,1.08,829.0
CN-CO20YR310N,27.03333333,118.1333333,18.7,1664.0,1.0,1.09,696.3333333333334
ID-KAL-BL1,2.3,114.0,26.3,2235.0,1.0,0.22,867.24
CN-DAS-SHR,31.7,103.87,8.9,900.0,0.42,1.1,458.0
IN-CTK-RTORYZA,20.44,85.93,28.0,1500.0,1.0,1.41,129.0
CN-XFF-3000M,38.0,99.0,0.04999999999999999,435.0,0.54,0.76,468.0
CN-SD-BIOCH45,36.95,117.97,12.4,600.0,1.0,1.52,1044.47
CN-JX-LN,26.744,115.059,17.9,1505.0,1.0,1.54,468.5724
UK-AHR-THIN7AYR3,51.15,-0.85,9.8,808.0,1.0,0.7,863.0
CN-TRI-MP,30.23,120.15,17.0,1533.0,1.0,1.1,440.0
CN-SC-HN,29.53,103.25,10.0,2323.0,1.0,0.4,387.9
US-STC-1999C4,42.18,-93.5,9.2,865.0,1.0,1.16,940.0
CN-YSF-BFCK,26.41666667,117.8333333,19.2,1688.0,1.0,0.96,1382.0
US-HET-WPL1274,19.94480556,-155.2622778,15.1,3448.0,1.0,0.22,1745.0
CN-SN-N180,35.2,107.68,10.0,528.5,1.0,1.3,450.0
CN-GS-RTONCK,37.96,102.64,7.2,156.0,1.0,1.4,351.54
US-MCS-S4,39.28,-86.73,11.3,1095.0,1.0,1.0,610.0
BR-PEI-MAT2,-9.95,-67.13,26.0,1940.0,0.01,1.25,1730.0
CR-LSB-RES,10.33,-83.83,26.0,4200.0,1.0,0.79,1465.0
US-HET-WPL1116,19.94480556,-155.2622778,16.1,3714.0,1.0,0.26,1723.0
CN-GX-UNCUT,22.17,106.83,21.0,1400.0,1.0,1.29,901.55
IE-SWI-LPCK,52.3,-9.15,6.6,1600.0,0.91,0.11,656.975
