TIMESTAMP_END,LE_F_MDS,NETRAD,H_F_MDS
2018-07-01,80.0596670625,181.59505783333336,60.79516166666667
2018-07-02,61.76352591666667,144.0562361041667,55.13444604166667
2018-07-03,74.52044789583333,171.13784252083335,60.26556297916667
2018-07-04,75.3432206875,183.15083339583336,73.423393125
2018-07-05,104.91741941666668,191.53874683333333,41.27845564583333
2018-07-06,112.68221833333332,169.10433297916668,8.119823125
2018-07-07,141.16014575,196.17328606249998,12.502621666666668
2018-07-08,148.43073195833333,194.24036825,7.005110791666667
2018-07-09,161.15166083333335,190.18065760416667,-19.681697291666666
2018-07-10,168.31549960416666,198.95514189583332,-18.300049625
2018-07-11,148.89783064583335,204.34292095833334,6.9115723125
2018-07-12,152.275275,210.1336196875,1.811709291666667
2018-07-13,155.05672729166665,178.939999875,-24.0212718125
2018-07-14,169.58317291666665,208.03006729166668,-12.80306925
2018-07-15,160.393750375,201.73951391666665,-2.021286666666668
2018-07-16,166.54952058333333,199.3667875,-15.8145779375
2018-07-17,171.12339104166665,198.35477354166665,-20.404465541666667
2018-07-18,166.02547408333334,196.47493522916668,-17.142294833333334
2018-07-19,159.145171875,193.95767552083336,-12.340964875
2018-07-20,165.20201477083333,190.650957125,-13.203659833333333
2018-07-21,183.07534770833334,203.85544822916665,-27.842056187500003
2018-07-22,172.87909708333333,203.138510375,-19.183598958333334
2018-07-23,193.069364375,200.43785104166668,-39.69895708333333
2018-07-24,183.2238663541667,196.15467625,-27.570518958333334
2018-07-25,179.681255875,191.20433356249998,-46.67412854166667
2018-07-26,170.58842695833334,179.35156239583333,-39.082745625
2018-07-27,81.98405039583334,162.22977864583333,50.86450791666667
2018-07-28,33.76672722916667,142.251194,79.27769033333333
2018-07-29,28.78447404166667,68.50420527083334,32.66984391666667
2018-07-30,36.734139354166665,111.4588589375,54.43385283333333
2018-07-31,42.3272321875,131.71779716666666,66.3299666875
2018-08-01,49.90127979166667,142.20960470833333,70.42223029166666
2018-08-02,55.207738187500006,146.52778214583333,70.51013095833333
2018-08-03,58.823341729166664,117.07689995833333,43.59471122916667
2018-08-04,78.81845483333333,132.52942149999998,29.3267928125
2018-08-05,67.7485583125,102.00387789583334,24.77517895833333
2018-08-06,53.13961915416667,105.01147879166666,12.637362770833334
2018-08-07,53.06711102083333,101.44467597916668,22.0029296875
2018-08-08,58.51488656458333,119.05508208333333,33.62617464583334
2018-08-09,59.844862229166665,150.34384729166666,30.745335583333333
2018-08-10,67.6639119375,142.36001839583332,-7.096674895833334
2018-08-11,75.43126104166667,155.84756579166665,-2.048502375
2018-08-12,59.86699333333333,160.94668575,11.400920937499999
2018-08-13,85.3444659375,159.10457847916666,11.433262291666667
2018-08-14,100.19464745833334,157.63344614583335,19.515307916666668
2018-08-15,108.91929914791666,162.912569625,18.996146333333332
2018-08-16,107.76568950000001,165.3848915,6.167488270833334
2018-08-17,114.87302749999999,169.85379672916667,10.330145958333334
2018-08-18,104.6013264375,161.59016808333334,-13.943453875000001
2018-08-19,128.44497672916665,164.02387000000002,8.693282
2018-08-20,125.35960169166667,163.11106635416667,1.1185913333333337
2018-08-21,98.31487166666666,129.574098875,0.2928347916666665
2018-08-22,108.91117904583335,140.63181327083333,-6.552974166666666
2018-08-23,117.93025720833333,128.07322091666666,-20.014173958333334
2018-08-24,100.385558125,125.55443270833332,-3.000878541666667
2018-08-25,104.12421060416666,136.51416279166668,-5.101079854166667
2018-08-26,120.658551375,160.97321041666666,-4.331765625
2018-08-27,121.7938318125,159.18429481249999,3.0056899999999995
2018-08-28,122.37852791666667,154.05530972916668,-1.7105183333333336
2018-08-29,132.385352625,150.22456793749998,-17.703392708333332
2018-08-30,100.70387689583333,136.24193179166667,-2.18687025
2018-08-31,120.80393356666667,159.37369535416667,-2.7096053333333336
2018-09-01,129.24653285416667,146.66318133333334,-21.744092062500002
2018-09-02,122.72590762499999,151.2365379375,-18.7624645
2018-09-03,130.94159095833334,143.01565675,-22.866881979166667
2018-09-04,108.60482483333334,150.92357566666666,0.18541795833333374
2018-09-05,120.04570747916667,148.85159439583333,-8.306940749999999
2018-09-06,110.95460420833332,151.11738689583333,-3.1568928125000006
2018-09-07,125.11934585833332,159.5885771875,-10.636990645833334
2018-09-08,136.57251747916666,154.3806874375,-21.749952708333335
2018-09-09,121.21144808333334,152.64635660416667,-14.054388000000001
2018-09-10,117.84316645833333,152.49104925,-7.82649025
2018-09-11,148.75094672916666,142.85209110416667,-46.953166687499994
2018-09-12,117.43861710416667,102.53593195833334,-47.7929625625
2018-09-13,105.50691229166667,136.22053460416666,2.7779475
2018-09-14,61.725712145833334,118.85440866666666,50.638117625
2018-09-15,31.049697229166668,111.64950212500001,64.8833679375
2018-09-16,29.212853604166668,108.7564856875,63.64945214583333
2018-09-17,29.605351314583334,114.1967370625,58.667761250000005
2018-09-18,34.76255808333333,111.27433470833334,58.768232062500005
2018-09-19,44.495309,110.90676270833335,48.4351465625
2018-09-20,48.81945925416667,107.89026536458334,37.89839160416667
2018-09-21,60.82309779166667,108.134066125,26.380180312500002
2018-09-22,67.1636741875,104.95884014583334,26.2518528125
2018-09-23,73.62659039583333,100.84238033333332,15.019198354166667
2018-09-24,69.44610972916666,106.39180146874999,17.375190291666666
2018-09-25,78.30619583333333,104.672338125,6.349874395833333
2018-09-26,64.82124152083334,105.23081477083333,12.2638286875
2018-09-27,80.69586725,98.56939158333334,-7.595869395833333
2018-09-28,74.842950875,90.585179,-1.2073524999999992
2018-09-29,76.5904396875,107.43378150000001,8.366711041666667
2018-09-30,65.39822839583333,105.19027477083334,13.867418479166666
2018-10-01,62.833834312499995,96.93545479166666,10.268302875
2018-10-02,58.63702841666666,100.06284664583335,8.31046575
2018-10-03,69.41031583333334,83.33630829166667,-6.854053145833333
2018-10-04,85.43919479166668,98.75303637500001,-0.2554579791666666
2018-10-05,81.196957625,98.81616027083334,3.595639166666667
2018-10-06,109.56222545833333,87.98113541666667,-35.916428895833334
2018-10-07,105.37330416666667,73.3979048125,-64.02193666666666
2018-10-08,61.68582210416667,94.70826362499999,5.968896916666668
2018-10-09,83.72358339583333,89.87299789583334,-11.354526875
2018-10-10,85.140056175,92.80297447916666,-10.169924166666666
2018-10-11,80.67302770833334,82.79380218749999,-10.759446645833334
2018-10-12,85.76291352083332,92.68070777083334,-8.2105678125
2018-10-13,77.92084770833334,87.30177885416667,-10.553934166666666
2018-10-14,100.44650977708334,71.2479541875,-43.65313385416667
2018-10-15,77.56367902083333,73.46114866666666,-18.7809250625
2018-10-16,76.41015839583334,84.1503349375,-3.063380520833334
2018-10-17,60.21918153958333,81.92251935416667,2.5539442083333332
2018-10-18,67.06862573333333,90.77294677083334,4.329955104166666
2018-10-19,66.4087055,85.65657627083334,-0.11549227083333347
2018-10-20,59.83891808333333,84.22729647916667,4.0845178125
2018-10-21,75.62555805833334,86.63479431249999,-6.017812791666667
2018-10-22,73.97845454166666,76.24804133333333,-11.933775729166667
2018-10-23,62.03967351875,51.7564615,-16.605617895833333
2018-10-24,52.818136625,78.58804077083333,16.1604815
2018-10-25,31.10753697708333,74.98883395833333,31.0833274375
2018-10-26,21.876654666666667,64.94856495833334,30.678328125000004
2018-10-27,23.313413541666666,58.86178866666666,22.231295854166664
2018-10-28,29.2397275,51.27342083333334,16.04457875
2018-10-29,35.878606291666664,41.69321589583333,9.964984729166668
2018-10-30,41.354889354166666,45.201010958333335,-0.7394343750000005
2018-10-31,28.4438725625,54.988858354166666,29.54444864583333
2018-11-01,23.240708520833333,54.08651833333334,21.420429583333334
2018-11-02,35.450650125,56.515811479166665,19.900278708333335
2018-11-03,32.604267166666666,47.682292625,17.005906270833332
2018-11-04,40.264636062499996,58.13227733333333,10.4898148125
2018-11-05,56.25475377083333,55.87829302083333,1.015122291666667
2018-11-06,35.966749916666664,49.26630241666666,16.377558833333335
2018-11-07,34.749031645833334,48.94465416666667,12.942260791666667
2018-11-08,43.14005983333333,24.956355458333334,-20.582251458333335
2018-11-09,19.8220801875,27.993443375,13.705416208333332
2018-11-10,12.946613583333333,9.787812687499999,7.26571125
2018-11-11,15.547811354166667,31.95720095833333,15.966536437499999
2018-11-12,20.515976945833334,37.61510483333333,15.958763624999998
2018-11-13,15.990253229166667,17.948731395833335,4.658804
2018-11-14,18.380625377083334,22.947789104166663,9.44251325
2018-11-15,10.616925252083332,23.005681312500002,8.957963416666667
2018-11-16,14.496485785416667,34.47463866666667,9.613429395833334
2018-11-17,19.50344602708333,43.46242166666667,14.170971208333333
2018-11-18,20.468835969791666,44.727769458333334,12.614944666666666
2018-11-19,21.40264775833333,36.72309664583333,13.315907354166667
2018-11-20,21.739171072916665,34.4855738125,12.058723
2018-11-21,10.067517604166666,17.525753666666667,-6.427715479166667
2018-11-22,37.87136875,56.30797039583334,-3.859628958333333
2018-11-23,13.684775833333333,22.79162225,-10.210018020833333
2018-11-24,24.68472525,39.224001395833334,4.913670083333333
2018-11-25,39.134357270833334,45.15929433333333,12.9578555625
2018-11-26,13.031551284791668,32.151782625,8.012713583333333
2018-11-27,12.561152916666666,20.451150770833333,-1.7655394583333335
2018-11-28,17.56842375,30.134377041666667,0.32400020833333326
2018-11-29,17.560010354166668,26.617766979166664,-18.789062916666666
2018-11-30,35.21018989583333,39.837556375,-7.611228354166666
2018-12-01,32.89545404166667,20.0679055625,-12.486178333333333
2018-12-02,23.32950889583333,22.642837645833335,17.443174270833335
2018-12-03,23.1458153125,39.309627041666666,9.706863166666666
2018-12-04,10.300946333333334,5.04013075,-1.0888203958333331
2018-12-05,27.601270208333332,41.34955058333333,0.05979322916666698
2018-12-06,37.30276277083333,47.143229958333336,9.584790374999999
2018-12-07,24.477294866666668,39.518362958333334,10.273925270833333
2018-12-08,13.481586958333333,33.63615441666666,7.901553
2018-12-09,6.0339448125,4.165292395833334,1.0561377916666668
2018-12-10,14.686571895833334,22.935745041666664,7.159400291666667
2018-12-11,11.959151541666666,16.304194583333334,8.147423729166666
2018-12-12,26.739134625000002,24.061021145833333,3.9766929374999997
2018-12-13,17.261777583333334,18.5897561875,8.853776
2018-12-14,9.878008020833333,8.950399395833333,-0.5997070208333334
2018-12-15,11.246291583333333,13.453517520833335,4.489567583333334
2018-12-16,6.155832906666667,-0.8961807499999995,-6.127378958333334
2018-12-17,22.133519500000002,37.575285020833334,5.471699125
2018-12-18,22.258311604166664,28.116376666666667,7.6439643125
2018-12-19,14.7922206875,19.9002404375,4.661377145833334
2018-12-20,7.840279458333334,11.918102124999999,0.15223072916666666
2018-12-21,13.573523625,37.441712645833334,-0.3278935208333335
2018-12-22,19.467787104166664,42.37830091666667,2.9358511249999997
2018-12-23,15.6232158125,21.162517770833333,5.000985979166667
2018-12-24,12.621658125000002,15.704281083333335,-8.813820104166666
2018-12-25,53.958496458333336,25.1960646875,-23.98377041666667
2018-12-26,33.26380910416666,8.198431958333334,-6.668082375
2018-12-27,56.721006187499995,4.364894354166665,-35.68206110416667
2018-12-28,40.72016939583333,0.15331016666666653,-18.16609475
2018-12-29,16.501410770833335,21.954817583333334,17.316228083333332
2018-12-30,19.463155375,24.40098204166667,11.698386666666666
2018-12-31,47.13418804166667,-0.9450719791666646,-41.81697341666666
2019-01-01,34.0701330625,3.1529361874999986,-17.199147749999998
2019-01-02,15.892187,25.545929916666665,16.17125629166667
2019-01-03,15.088043291666667,25.461956104166664,12.642851854166667
2019-01-04,16.925052375,39.450449875000004,15.4815300625
2019-01-05,10.169897083333334,5.418897166666667,-17.468492645833333
2019-01-06,4.327538,4.759009729166666,-50.91047802083333
2019-01-07,16.652763979166668,37.47783922916667,-2.34792375
2019-01-08,7.552696833333333,3.100458854166666,-6.900520895833334
2019-01-09,22.05724322916667,22.47493316666667,-12.987357750000001
2019-01-10,9.385053625,28.44420704166667,6.370758416666667
2019-01-11,16.869171333333334,31.542389270833336,1.7732958333333333
2019-01-12,19.384522385416666,38.33212189583333,10.9665403125
2019-01-13,21.491756356249997,38.577983770833335,11.376483041666667
2019-01-14,11.662859104166666,8.067815687500001,-6.786483729166666
2019-01-15,8.111890625,0.7872325833333335,-23.236939375000002
2019-01-16,17.235914166666667,-1.1061515208333332,-27.289109791666665
2019-01-17,28.992917479166668,19.117273854166665,-14.043834791666667
2019-01-18,17.992422791666666,35.08348491666667,6.2147015
2019-01-19,33.1369114375,77.26884060416667,11.117867312499998
2019-01-20,32.381531395833335,24.479343708333335,-12.868871270833333
2019-01-21,46.369855333333334,22.886167416666666,-5.618711875
2019-01-22,37.06165225,21.577053875,-0.878453749999999
2019-01-23,28.06389002083333,49.159491895833334,20.825117708333334
2019-01-24,25.807567104166665,57.64515641666667,18.830175708333332
2019-01-25,28.490982229166665,64.51569856249999,22.020372145833335
2019-01-26,17.08750291666667,42.0103481875,8.401316458333334
2019-01-27,26.503697104166665,57.186030145833335,18.1007523125
2019-01-28,12.743876770833333,27.176083104166665,6.753702979166666
2019-01-29,26.006108520833333,59.701748979166666,16.0570955625
2019-01-30,24.791079229166666,64.961185,17.15347125
2019-01-31,22.215020125,53.47765539583333,19.553330645833334
2019-02-01,15.186836999999999,32.38711945833334,-5.258871895833334
2019-02-02,28.169281041666668,42.106012416666665,-21.285699583333333
2019-02-03,30.239694583333332,44.58412385416667,-4.104179822916667
2019-02-04,23.434353639583335,45.39255397916667,2.239489729166666
2019-02-05,40.01566830625,71.39151510416666,26.4480919375
2019-02-06,24.17211220833333,48.79732741666667,27.549023354166668
2019-02-07,17.045746270833334,55.2757329375,20.156438625
2019-02-08,16.379746083333334,44.83723002083334,12.649822208333333
2019-02-09,25.045413645833335,60.697811854166666,2.9295477291666665
2019-02-10,38.811396145833335,76.6500669375,23.754082479166666
2019-02-11,22.444828125,44.129255416666666,24.559392312499998
2019-02-12,14.384448083333332,3.946853437500001,-2.9947346458333333
2019-02-13,26.028647083333336,29.6425775,-43.32635645833333
2019-02-14,53.581981250000005,50.66757902083334,-32.10991104166667
2019-02-15,28.87576783333333,47.32825220833333,2.7588628333333336
2019-02-16,46.88028791666667,62.185588,0.7859706875
2019-02-17,33.25650335416667,66.42724647916667,28.325857291666665
2019-02-18,45.467846375,61.8427993125,26.501155416666666
2019-02-19,32.054506645833335,66.5944436875,32.901418666666665
2019-02-20,30.857224333333335,51.72480370833333,18.256149416666666
2019-02-21,53.228539041666664,89.27191404166666,21.361351958333334
2019-02-22,38.98836825,62.55751175,26.838593937499997
2019-02-23,22.081166020833333,55.880187875,22.853481812500004
2019-02-24,19.385301958333333,59.3323425,17.826119291666668
2019-02-25,19.139728354166667,18.58245589583333,-10.5394770625
2019-02-26,16.787155000000002,6.7559380625,-29.8959710625
2019-02-27,33.375257291666664,65.20110260416666,-15.246031041666667
2019-02-28,46.41608977083334,99.71976793750001,24.193747187499998
2019-03-01,23.725058041666667,51.16883470833333,8.910796770833334
2019-03-02,17.058635604166668,29.130294083333336,4.488225333333333
2019-03-03,33.10193995833333,65.98118649999999,6.013256999999999
2019-03-04,37.092929687499996,96.15489916666667,21.387647333333334
2019-03-05,24.567095770833333,36.4404649375,-6.815894729166668
2019-03-06,50.66879104166667,81.40816845833334,-8.050891458333334
2019-03-07,29.846289041666665,37.10328058333334,0.10901462500000014
2019-03-08,58.6537670625,128.2784301458333,36.566975625
2019-03-09,27.685735854166666,47.719373,3.240719895833333
2019-03-10,38.50854641666667,103.05564966666667,24.772183145833335
2019-03-11,56.61206364583333,134.10786272916667,34.47886360416667
2019-03-12,52.0503868125,114.44264995833333,25.101444812500002
2019-03-13,69.56150091666667,133.89063233333334,14.939552291666667
2019-03-14,47.09102577083333,122.79492058333334,36.00538272916666
2019-03-15,44.290172625,115.92337777083334,41.57038147916666
2019-03-16,48.40698841666667,120.14138697916667,39.241717020833335
2019-03-17,43.7860516875,108.13415452083332,24.33008575
2019-03-18,56.55653670833333,130.9848470625,27.312298375
2019-03-19,40.275741875,85.14522066666667,4.658331166666666
2019-03-20,62.15301183333333,112.36492472916666,19.5820265625
2019-03-21,65.16657672083333,122.0602463125,37.748387375
2019-03-22,26.7390705625,44.76880760416666,4.196400916666667
2019-03-23,78.01210197916667,130.67139597916665,24.407542895833334
2019-03-24,54.07139473750001,109.18149629166668,23.976334729166666
2019-03-25,28.939784270833332,37.10788664583333,-4.535357291666666
2019-03-26,68.03454270833333,152.5468584375,22.191524125
2019-03-27,46.063490854166666,53.09573547916667,-5.283473520833334
2019-03-28,69.88058829166667,102.24577185416666,13.512282937499998
2019-03-29,84.0447391275,146.67379395833333,26.847517395833336
2019-03-30,96.14824807500001,134.51891977083332,10.773215
2019-03-31,85.88776777083332,135.47455314583334,16.674979520833332
2019-04-01,39.11779125,63.08471614583333,0.324941375
2019-04-02,56.36262272916667,96.35597045833333,7.1191990416666675
2019-04-03,44.5662324375,83.90165925000001,9.216689749999999
2019-04-04,48.90947264583334,74.88173258333333,0.6529251666666669
2019-04-05,27.718153875,52.211733437499994,3.621850895833333
2019-04-06,62.213478979166666,110.87963977083332,5.5203785624999995
2019-04-07,90.5713560625,150.573201,13.895411729166668
2019-04-08,81.40021645833333,110.32642618749999,-6.961813645833334
2019-04-09,130.64762085416666,138.79996083333333,-22.28193
2019-04-10,127.8383443125,138.15612435416668,-30.209474999999998
2019-04-11,81.54079041666667,62.49740395833334,-34.421920625
2019-04-12,121.90614858333333,149.58334760416668,-15.845455520833333
2019-04-13,95.73770624999999,145.36010354166666,10.684752645833333
2019-04-14,113.21004581250001,154.372598125,-0.7735602500000002
2019-04-15,63.8642125,57.12727125,-20.377527458333333
2019-04-16,85.72542299999999,148.1196714375,8.3597393125
2019-04-17,101.02978477083333,161.34358672916667,18.1575578125
2019-04-18,103.725412,170.86023610416666,9.444725020833333
2019-04-19,108.364506,145.08874427083333,-5.911315270833334
2019-04-20,108.15563460416666,166.07784072916667,10.932798291666666
2019-04-21,126.92846102083332,166.8284469375,-9.616061458333332
2019-04-22,138.38954856249998,168.07661979166667,-18.442350333333334
2019-04-23,105.50040691666668,173.07662466666667,6.5660714375
2019-04-24,118.87951564583334,181.54140147916667,2.6978475833333335
2019-04-25,146.45272029166668,175.15408805208335,-15.070552375
2019-04-26,125.69293872916667,175.503771375,-1.9497558541666669
2019-04-27,126.25082081250001,157.942243375,-6.5591106041666665
2019-04-28,116.09029045833334,162.03648014583334,5.872122520833333
2019-04-29,126.81941729166665,166.67128452083332,-4.8509400000000005
2019-04-30,54.07939972916666,152.25336275,65.47020604166667
2019-05-01,58.44357504166666,150.5598816875,62.6754099375
2019-05-02,48.201688749999995,152.36055266666668,66.53666895833334
2019-05-03,51.746822145833335,143.95202525,58.308399375
2019-05-04,57.17649104166667,152.36599102083332,63.7727293125
2019-05-05,56.09882077083333,168.80750252083334,70.72282229166667
2019-05-06,55.79120708333334,126.09339479166665,46.247969375
2019-05-07,78.70982335416666,170.49994554166668,58.02291666666667
2019-05-08,93.67461395833334,167.61165964583333,34.632159375
2019-05-09,88.47760958333333,173.6072550625,41.420461458333335
2019-05-10,103.64465835416667,169.979797875,5.299847083333334
2019-05-11,110.92157637500001,175.68562489583334,19.86724625
2019-05-12,119.51118666666667,173.99916479166666,2.7821768749999998
2019-05-13,131.68789095833333,164.43954058333333,-5.290626583333333
2019-05-14,97.81119812499999,130.5631828125,-0.005438541666666463
2019-05-15,47.943536875,58.570527625000004,-13.219373020833332
2019-05-16,84.73570233333334,112.81964977083334,-6.63196375
2019-05-17,129.029425,175.15175845833335,12.05791625
2019-05-18,42.229097770833334,46.826867375,-5.8131020625000005
2019-05-19,61.86501770833333,109.2498604375,6.581402708333333
2019-05-20,107.243120375,153.92927110416667,16.324844187500002
2019-05-21,122.26320104166666,159.37707070833332,4.8500966666666665
2019-05-22,129.702720625,179.99354645833333,0.9539167291666665
2019-05-23,124.09044812500001,159.70958879166668,-1.2643639583333333
2019-05-24,139.506482375,191.1320010625,12.403726666666666
2019-05-25,136.60713145833333,179.00158141666668,10.837141541666666
2019-05-26,115.11370416666666,136.54965941666669,-11.61056079166667
2019-05-27,115.25691795833335,177.6101175625,20.064014604166665
2019-05-28,143.17597064583333,197.7899065833333,8.791024583333334
2019-05-29,152.1788749375,201.8077506666667,-3.426531
2019-05-30,148.22271160416668,201.1311298958333,6.514723916666667
2019-05-31,163.62425875,204.53289854166667,-15.522475979166666
2019-06-01,177.76782408333335,213.121729875,-19.74450625
2019-06-02,157.18925708333333,205.93404187500002,-1.9808153541666673
2019-06-03,162.41818689583332,209.07737914583333,-1.0235646458333338
2019-06-04,144.18367658333332,214.41096485416665,-7.347508020833334
2019-06-05,168.40710627083334,206.8984749166667,-38.01428325
2019-06-06,198.08324166666668,191.88782554166667,-59.19151729166666
2019-06-07,148.70002433333335,192.2130585625,-7.8991403333333325
2019-06-08,89.38321754166667,190.71880989583335,38.14129808333333
2019-06-09,51.81003725,179.22398185416668,67.90198091666666
2019-06-10,51.35130022916667,178.86582379166668,63.155889916666666
2019-06-11,57.9631116875,180.50996272916666,56.54175425
2019-06-12,87.32480060416667,189.417134625,48.71474564583334
2019-06-13,68.224293125,195.4277150416667,80.90549604166667
2019-06-14,84.29693560416668,191.82848375,62.726847291666665
2019-06-15,81.84083825,185.78386566666666,66.13332041666666
2019-06-16,102.43425008333332,190.46293435416666,43.92653791666667
2019-06-17,133.272926125,204.68737970833334,23.724254937499996
2019-06-18,161.01003416666666,205.17891233333333,-5.573866104166666
2019-06-19,148.71283083333333,200.962816,12.013621666666667
2019-06-20,140.16698858333334,199.17243079166667,14.935899583333333
2019-06-21,158.30721841666667,195.41175854166667,-10.630913541666667
2019-06-22,159.75081552083333,202.03192341666667,-21.463353708333333
2019-06-23,175.611388125,203.92184872916667,-27.85841470833333
2019-06-24,152.46321441666666,185.30990479166667,-20.330959770833335
2019-06-25,174.21035131250002,196.53804268750002,-24.221911458333334
2019-06-26,148.48815,190.6485044375,-6.188537916666667
2019-06-27,134.38954733333333,155.17619860416667,-15.353581041666667
2019-06-28,129.48731035416668,170.204030625,-6.411977499999999
2019-06-29,147.47695754166668,188.31297310416667,2.7499277916666665
2019-06-30,164.63768429166666,203.41905520833333,-1.7631264375000002
2019-07-01,154.7847059375,198.1634890833333,0.41413583333333337
2019-07-02,158.44196239583331,198.9113130625,3.3211962499999994
2019-07-03,149.48720666666665,203.0274611875,7.324064187499999
2019-07-04,145.98352486666667,208.11575466666667,4.752878375000001
2019-07-05,157.74444616666668,206.05426820833335,1.1689926249999998
2019-07-06,153.59247541666667,199.30212764583334,1.9963308541666667
2019-07-07,135.12566191666667,188.04274193749998,13.59822125
2019-07-08,120.11042260416667,200.31723339583334,35.39996327083333
2019-07-09,132.29568645833334,200.65290725,23.422506
2019-07-10,133.4798049791667,199.14913402083334,15.529008020833333
2019-07-11,138.193832625,203.253910875,17.905802166666668
2019-07-12,134.90989970833334,201.98970520833333,23.668367625000002
2019-07-13,129.89430477083334,198.71165327083335,12.200319291666666
2019-07-14,135.02677266666666,192.1102594375,5.625078541666667
2019-07-15,135.525962125,193.91872683333335,11.41897875
2019-07-16,121.73527997916666,194.3325468958333,20.0351575
2019-07-17,110.06524422916665,200.57872525000002,41.99995466666667
2019-07-18,115.14156266666667,200.001855,38.79793197916667
2019-07-19,109.65603262500001,204.8156258125,43.630644187499996
2019-07-20,108.99614960416666,195.92643620833334,38.1426775
2019-07-21,112.26310514583332,190.0539548125,26.182304833333333
2019-07-22,135.79250014583332,207.86212566666666,18.071594208333334
2019-07-23,131.05671564583335,197.70780777083334,11.9506515
2019-07-24,96.84076504166667,190.10519356250003,42.036938354166665
2019-07-25,53.72251345833333,162.99819872916666,71.38865750000001
2019-07-26,33.683336312499996,155.9689820625,94.00449785416667
2019-07-27,44.69252161041666,160.3484084375,81.39490547916667
2019-07-28,47.247540541666666,159.25688585416665,67.14878897916667
2019-07-29,44.73701941666667,166.45089952083333,84.3044861875
2019-07-30,55.683859895833336,165.72347014583332,71.08201275
2019-07-31,74.42598166666666,162.5313348125,52.79271945833333
2019-08-01,73.84947729166667,168.01096554166665,53.916724145833335
2019-08-02,97.21053997916665,175.98621295833334,34.9867425
2019-08-03,106.61982527083335,177.46878295833335,16.839897833333335
2019-08-04,118.79204410416666,183.90310164583332,12.9959955
2019-08-05,113.2016279375,172.57600022916665,13.783308854166668
2019-08-06,133.42081929166667,181.2932392708333,0.5600673333333331
2019-08-07,124.78754572916667,349.0699107115385,13.204131854166667
2019-08-08,124.28859208333334,389.0914381842949,16.970546208333335
2019-08-09,126.19894397916666,155.99169329166668,-9.300399645833332
2019-08-10,131.0910640625,164.72452785416667,-6.522447708333334
2019-08-11,131.3070348125,178.27144629166665,-0.7551086041666673
2019-08-12,124.18624972916666,181.05707064583336,-3.2789266666666665
2019-08-13,120.3142091875,181.99831497916668,0.37035135416666654
2019-08-14,79.3155481875,154.61558521875,36.67815825
2019-08-15,58.96102958333333,144.47206852083335,52.55181979166667
2019-08-16,68.56863722916667,139.84987191666667,46.20365464583333
2019-08-17,45.9655561875,137.42115047916667,68.4776665
2019-08-18,46.5002548125,132.742633125,61.754635875
2019-08-19,47.0229651875,131.950717125,63.90588833333334
2019-08-20,48.40329702083333,133.40904235416667,61.59684325
2019-08-21,75.27924820833333,142.7411815625,32.7576501875
2019-08-22,96.48704129166667,145.432525125,25.13423308333333
2019-08-23,110.13591266666667,143.291492375,11.177440187500002
2019-08-24,111.52031897916667,145.05722041666667,8.412509645833333
2019-08-25,124.33253447916667,152.64884602083333,-6.390887541666667
2019-08-26,132.58916033333333,146.242735875,-19.0998475
2019-08-27,141.01959433333334,142.30248425,-23.950668041666663
2019-08-28,126.60099029166668,150.5461481458333,-9.115835979166667
2019-08-29,120.628613125,147.0330543125,-16.26885625
2019-08-30,119.504850125,142.98384291666665,-1.6126089375000001
2019-08-31,124.50483855145832,159.41336039583334,1.0973991666666667
2019-09-01,130.95652995833333,159.57917110416668,-16.431788520833333
2019-09-02,146.35178439583333,159.5910850625,-29.58064097916667
2019-09-03,134.36099464583333,161.3430055,-11.028153666666666
2019-09-04,130.83384260416668,157.40630910416667,-10.876400958333333
2019-09-05,130.345538,140.4190314375,-14.879884229166668
2019-09-06,123.34268985416666,142.9592891041667,-12.424890374999999
2019-09-07,97.91273645833333,126.4009723125,-1.8618049374999999
2019-09-08,112.68015847916666,137.61597266666666,-5.062738291666666
2019-09-09,126.673079625,125.78449816666667,-33.813748125
2019-09-10,107.21261289583333,128.2414102708333,-5.509995833333334
2019-09-11,107.88029302083334,138.24202995833335,-4.5129180416666665
2019-09-12,98.46628445833333,133.66131091666668,-3.0924281666666666
2019-09-13,89.75296239583334,140.88488048958334,-5.746133041666667
2019-09-14,85.72827318750001,133.01100297916668,-8.242753395833333
2019-09-15,124.5065739375,122.51088070833333,-32.955162208333334
2019-09-16,105.27536885416667,103.497406,-28.84331160416667
2019-09-17,110.89774527083334,117.0434145625,-18.7508005625
2019-09-18,78.32622052083333,76.86102733333333,-30.659886666666665
2019-09-19,104.5044664375,121.96341708333334,-6.4340824375
2019-09-20,101.01090979166666,124.43733404166666,-4.334839104166666
2019-09-21,45.416216312500005,111.15817258333334,46.556902875
2019-09-22,34.756112916666666,96.53179860416667,37.358087875
2019-09-23,37.6538765,104.78676379166666,46.57874270833333
2019-09-24,42.058991541666664,106.7691129375,37.40330191666667
2019-09-25,40.1656214375,109.49918770833334,33.496565125
2019-09-26,46.62215685416667,113.56058439583335,37.9752730625
2019-09-27,47.01813564583333,83.76361889583333,26.93139191666667
2019-09-28,51.260711854166665,83.60401554166667,26.789397291666663
2019-09-29,55.18755139583333,99.73526231250001,29.075940833333334
2019-09-30,57.96743772916667,90.26777254166666,28.250629791666668
2019-10-01,62.4552354125,104.19017085416665,35.495740125
2019-10-02,61.29834829166666,100.457662625,23.78778558333333
2019-10-03,73.70640658333333,90.65005889583334,2.9687300833333334
2019-10-04,71.85434322916667,91.09148422916667,8.127241208333333
2019-10-05,67.74790697916667,102.99323029166668,14.916044645833333
2019-10-06,63.03847150000001,102.44242433333334,10.27841975
2019-10-07,67.614859375,99.134366,6.7965840208333335
2019-10-08,70.6207976625,86.922758375,-9.876530729166667
2019-10-09,107.00472562499999,69.60397458333334,-58.637721666666664
2019-10-10,91.37635245833333,70.51402570833334,-38.425311479166666
2019-10-11,62.41706075,82.8824750625,7.117886833333333
2019-10-12,59.949647729166664,89.22935224999999,5.6016875
2019-10-13,68.32024572708333,88.64165335416668,4.029244729166667
2019-10-14,70.27532356249999,85.65051662500001,-0.6622937291666665
2019-10-15,65.61390270833333,90.48877789583334,6.654035645833333
2019-10-16,60.390082166666666,62.598828104166664,-20.18989164583333
2019-10-17,78.57054993749999,70.79821485416666,-27.624334583333333
2019-10-18,66.57969122916667,68.21314839583333,-9.851151125
2019-10-19,26.68990972916667,66.041062375,24.508120708333333
2019-10-20,30.5690701875,68.87530575,32.5155493125
2019-10-21,31.084748791666666,69.50499404166666,32.988070479166666
2019-10-22,24.919089791666668,64.9958,31.624091354166666
2019-10-23,28.564223604166667,61.17782239583334,20.563189479166667
2019-10-24,34.97528085416666,55.75677833333333,15.102285020833333
2019-10-25,25.4088099375,58.65654264583333,27.448040229166665
2019-10-26,26.496453416666668,44.415285645833336,18.545822791666666
2019-10-27,53.23369916666667,28.553462395833332,-59.00887041666667
2019-10-28,30.322059749999998,41.37403191666667,22.121467541666664
2019-10-29,32.80269960416667,47.459612145833326,21.035150458333334
2019-10-30,22.42663431875,46.49745414583333,24.6396390625
2019-10-31,27.831194104166666,48.957784770833335,28.08847402083333
2019-11-01,20.723472479166666,43.63459072916667,22.98063375
2019-11-02,22.737529875000003,50.378784458333335,19.859715479166667
2019-11-03,21.642099187499998,50.95380910416666,17.623713354166664
2019-11-04,23.336179458333334,48.663807375000005,17.317979479166667
2019-11-05,28.571108270833335,54.53990995833333,17.343387354166666
2019-11-06,36.37406918958333,54.391433479166665,12.366370289583331
2019-11-07,30.342588250000002,60.49154870833333,15.789238312499998
2019-11-08,39.941791576458336,64.6737903125,15.583308645833334
2019-11-09,37.232413125,65.83287570833333,13.025103729166666
2019-11-10,34.79913079166666,58.266160625,11.357271354166668
2019-11-11,32.8169590875,55.227041729166665,7.4207910833333335
2019-11-12,32.800546895833335,48.346616250000004,5.555736458333333
2019-11-13,26.65784520833333,51.07010222916667,5.05325975
2019-11-14,38.291189708333334,36.18192514583333,-8.353031083333333
2019-11-15,34.44167992416667,64.68500820833334,12.43374525
2019-11-16,29.723770333333334,60.526452687500004,12.837954000000002
2019-11-17,26.530894458333332,53.82102770833333,10.024820479166667
2019-11-18,29.358286562500002,51.773558875,6.065490958333332
2019-11-19,44.95273810416666,40.89877941666666,-13.979684916666669
2019-11-20,64.99117566666666,22.80782860416667,-52.41279795833333
2019-11-21,29.545184541666668,41.76075779166667,3.720900229166667
2019-11-22,31.5889221875,56.112467375,9.672941104166666
2019-11-23,37.464070916666664,52.802862041666664,5.632662645833334
2019-11-24,33.701927125000005,47.622762312499994,4.2718133125
2019-11-25,61.82826085416667,30.24744583333333,-42.70324670833333
2019-11-26,17.182016666666666,-8.801521166666667,-36.79894645833333
2019-11-27,29.197723208333333,30.442928062500002,-14.683859583333332
2019-11-28,19.287475812500002,16.6669984375,-2.3388161874999995
2019-11-29,26.729741270833333,15.440092625,0.0780456041666666
2019-11-30,23.14695220833333,-3.805592229166667,-29.443360895833333
2019-12-01,15.751032499999999,8.2623675,-34.490328749999996
2019-12-02,9.030602604166667,10.642184166666667,-8.770080125
2019-12-03,12.488269479166666,21.745169854166665,3.5717521041666664
2019-12-04,7.756842791666667,18.141003625,-1.8352300416666667
2019-12-05,16.41706758333333,36.20417202083333,6.553497458333333
2019-12-06,39.05337477083334,34.9786399375,-18.026493125
2019-12-07,29.247900208333334,31.7585176875,-26.8121565
2019-12-08,21.172594354166666,46.359080541666664,2.2263691458333335
2019-12-09,30.3941158125,38.12679289583333,7.9059435
2019-12-10,14.531588937499999,32.99585975,5.066393000000001
2019-12-11,11.0466674375,25.735878749999998,-0.7915551666666666
2019-12-12,23.876510166666666,34.18730858333333,0.8568933749999997
2019-12-13,9.990270645833332,18.978706666666664,-1.1464107291666668
2019-12-14,46.56658783333333,33.0093405,-20.18642708333333
2019-12-15,31.28078481458333,8.348336104166668,-2.161767333333333
2019-12-16,17.08917985,21.878478770833336,13.880460937499999
2019-12-17,14.636226229166667,9.474889895833334,-3.1849399791666664
2019-12-18,18.238584375,24.57589966666667,-15.281710458333334
2019-12-19,19.142721958333333,48.953364395833326,9.873028
2019-12-20,20.586139020833333,45.886673520833334,5.800200458333333
2019-12-21,7.560711770833334,-0.9784112500000003,-4.311327520833333
2019-12-22,10.592919479166666,17.5048986875,-15.7191590625
2019-12-23,28.306321083333334,45.53970979166667,13.107318979166665
2019-12-24,25.031001908333334,28.29863602083333,1.5681327291666662
2019-12-25,24.6780056875,20.219148458333333,-15.618007583333332
2019-12-26,39.599420979166666,17.340095875,-10.253866875
2019-12-27,22.683155541666668,15.825205208333335,11.640105020833333
2019-12-28,17.326084895833333,31.39445225,14.788266854166666
2019-12-29,13.677480208333334,19.129320770833335,-5.246852708333333
2019-12-30,32.25413322916666,50.99136033333334,6.246141604166667
2019-12-31,15.720851354166667,37.710742145833336,9.294228854166667
2020-01-01,13.8909056875,23.4176265625,3.3752817499999996
2020-01-02,24.549800860416667,31.3306558125,1.088375833333333
2020-01-03,17.396397750000002,31.84045652083333,5.774375166666666
2020-01-04,22.3374682625,45.80276345833334,7.921467458333333
2020-01-05,29.939179395833335,35.8004690625,1.2887077291666666
2020-01-06,22.2239290625,24.605196895833334,11.648835
2020-01-07,4.236585625,13.177184333333335,2.9711815208333334
2020-01-08,7.938030477083333,23.603167708333334,7.7053042708333335
2020-01-09,11.309154991666666,12.574508270833334,-5.138854666666667
2020-01-10,19.805669416666667,35.63801764583334,8.591388708333334
2020-01-11,23.302998645833338,34.33384247916667,1.9596554166666669
2020-01-12,20.216331258333334,10.663511875,-3.2643276458333332
2020-01-13,29.713462991666663,38.73346870833333,-0.3969410416666667
2020-01-14,40.7084113125,54.96437583333333,-2.8368847083333333
2020-01-15,17.5986607875,18.921271458333333,5.685101333333333
2020-01-16,12.519295020833333,-0.6246412916666664,-18.999092479166666
2020-01-17,12.735510729166668,30.245131562499996,10.701596416666668
2020-01-18,12.25758555625,27.040558395833333,10.190644604166666
2020-01-19,5.445988604166666,2.7828114374999995,2.703012354166667
2020-01-20,8.372509833333334,18.9201938125,6.5644700625
2020-01-21,14.796397666666666,33.5707333125,-0.9043123958333336
2020-01-22,26.041101875,68.72300439583333,16.515099208333332
2020-01-23,13.381909833333333,37.429915791666666,10.719956000000002
2020-01-24,28.084455479166664,65.67706508333333,16.7116503125
2020-01-25,8.7821859375,26.947674854166667,8.055254958333334
2020-01-26,37.23782775,60.63881435416667,0.05993772916666629
2020-01-27,27.122146270833337,38.376613625,18.694442770833334
2020-01-28,17.810223770833336,23.851990229166663,10.968822854166667
2020-01-29,29.569921270833333,54.74404704166667,19.331044062500002
2020-01-30,14.1070905625,29.013852125,17.509479958333333
2020-01-31,13.759349875,49.62606585416666,21.456380291666665
2020-02-01,11.025019479166666,47.01791664583334,19.056337104166666
2020-02-02,34.64852220833333,38.60777929166667,5.093312291666667
2020-02-03,36.90642827083333,32.8135505,14.493427520833334
2020-02-04,25.155867187499997,35.71196972916667,20.534810958333335
2020-02-05,16.062372020833333,52.783601874999995,30.737951125
2020-02-06,15.872972437500001,50.775355770833336,27.48131041666667
2020-02-07,15.674496083333333,51.09783516666667,25.87617908333333
2020-02-08,24.60240685416667,52.21020389583333,21.3923989375
2020-02-09,51.668022083333334,39.97008133333333,-39.91910854166667
2020-02-10,42.66629579166666,52.0328619375,3.2800505416666663
2020-02-11,28.953674725,60.207396145833336,21.064306124999998
2020-02-12,24.4422865625,55.56195572916667,24.327785604166664
2020-02-13,29.431451789583335,60.4899356875,23.736711041666666
2020-02-14,24.936864173333333,72.8038289375,29.532510645833337
2020-02-15,27.199586166666666,75.19482599999999,22.954826
2020-02-16,47.81308870833333,70.8370263125,6.303893250000001
2020-02-17,53.68039389583333,66.29803379166667,6.546084750000001
2020-02-18,42.88286445833333,72.1524258125,23.085687500000002
2020-02-19,36.51943785416667,71.97793847916667,25.308585166666663
2020-02-20,38.029080541666666,72.73392922916666,18.831104729166665
2020-02-21,51.892714312500004,77.63658297916666,13.792606958333332
2020-02-22,60.25012683333333,74.50115758333334,-3.505755666666667
2020-02-23,48.68615166666667,73.4583245,16.646957875000002
2020-02-24,72.13012385416667,94.165339625,0.2714028541666669
2020-02-25,57.25059372916667,81.99545264583334,8.367698104166665
2020-02-26,52.3636410625,88.87183066666667,14.053013875
2020-02-27,54.405934333333335,93.78049266666666,15.654152062500001
2020-02-28,47.877483000000005,78.284875125,0.6047051875000004
2020-02-29,86.51809670833335,89.80611645833334,-16.164741875
2020-03-01,67.78103791666668,58.060698374999994,-21.07112875
2020-03-02,100.2883704375,76.84008097916667,-50.299641666666666
2020-03-03,59.306024416666666,94.37588314583333,14.127941916666666
2020-03-04,64.49924914583333,94.35434550000001,12.712753854166666
2020-03-05,65.03524083333333,87.92578129166667,2.703771895833333
2020-03-06,56.7053036875,71.05418862500001,-2.752443145833334
2020-03-07,26.893368187500002,48.5855915,-3.4759918125
2020-03-08,41.79947741666667,89.98105354166667,13.325504708333334
2020-03-09,62.000865000000005,96.80229960416666,17.148273854166668
2020-03-10,61.1597945625,86.76506910416667,2.5621575833333337
2020-03-11,72.3094448125,106.48879183333334,9.868020312499999
2020-03-12,97.095655625,105.368527875,-16.351634583333333
2020-03-13,84.93290297916667,100.8273818125,-5.510081041666666
2020-03-14,28.42618895833333,31.083852270833333,-20.983068833333334
2020-03-15,51.97094708333333,89.27117125000001,-6.448115666666666
2020-03-16,16.560566875,35.066652895833336,-0.7154704166666667
2020-03-17,50.478517708333335,78.82109860416666,14.322751895833333
2020-03-18,40.83637383333333,83.8193000625,6.737728145833334
2020-03-19,60.06339666666667,153.24692072916667,25.450865708333335
2020-03-20,53.77060204166667,136.31180539583332,20.820878479166666
2020-03-21,58.620071708333334,109.98787777083334,16.4877869375
2020-03-22,60.91055843749999,130.17108483333334,12.642048354166667
2020-03-23,87.42142422916667,116.07419625,4.064260833333333
2020-03-24,57.02437633333333,83.3939276875,-3.2390146874999997
2020-03-25,78.79102245833333,95.54764429166666,11.643465458333333
2020-03-26,73.77578004166666,120.63447352083334,29.414020958333335
2020-03-27,91.00891004166665,127.85497939583333,10.096943041666668
2020-03-28,41.5646805,76.86497345833332,7.7075089583333325
2020-03-29,63.470425125,117.68567964583333,8.207290458333333
2020-03-30,88.53841456250001,126.76055425,10.505489270833333
2020-03-31,89.57277614583334,121.61251227083334,3.756765625
2020-04-01,106.847639,126.5157525,2.247273416666667
2020-04-02,118.2394411875,128.5208494375,-12.556767354166666
2020-04-03,106.88146764583333,128.63784175,5.149455895833333
2020-04-04,24.408776479166665,34.850499625,-7.196248229166667
2020-04-05,18.679635208333334,41.9115465625,-12.9663239375
2020-04-06,35.50004716666667,75.33448527083333,3.2320702916666666
2020-04-07,85.80848402083332,141.844688875,18.9516595
2020-04-08,59.7315765625,86.71461916666668,3.2643501666666666
2020-04-09,52.19991935416667,96.30415214583333,8.4739223125
2020-04-10,92.84270264583334,130.62164410416668,5.672260791666667
2020-04-11,82.7945615,119.99016095833333,10.321382291666668
2020-04-12,87.65253358333332,135.92088479166668,15.726151833333333
2020-04-13,116.06592443750002,154.7553870625,9.286110479166668
2020-04-14,117.10882166666666,151.94349316666666,-1.6089855624999998
2020-04-15,99.35935297916666,156.95473314583333,9.901534104166666
2020-04-16,106.69298541666666,151.29455197916667,5.371186020833332
2020-04-17,100.890643125,140.63019995833335,7.9657858541666675
2020-04-18,105.15050185416668,151.78884639583333,12.28128375
2020-04-19,97.24120041666667,148.53059495833332,17.791945708333333
2020-04-20,103.94682645833332,134.57348954166667,1.2705522916666658
2020-04-21,114.17178391666666,167.31146681250002,14.702736458333334
2020-04-22,125.44331258333334,175.49041004166668,4.059314187499999
2020-04-23,140.56117995833333,169.901725625,-12.942775
2020-04-24,156.15546039583333,181.38481433333334,-16.234074770833335
2020-04-25,86.3290459375,147.8502496875,21.039532979166665
2020-04-26,51.28057985416667,151.91303947916666,68.7301156875
2020-04-27,47.078694812500004,149.06039247916667,70.46196708333333
2020-04-28,51.62178935416667,154.49943322916667,68.50505975
2020-04-29,37.48735810416667,111.22115114583333,50.33342141666666
2020-04-30,62.8244983125,152.10440004166665,52.490979583333335
2020-05-01,74.2819233125,144.32329058333332,36.111783520833335
2020-05-02,56.8883170625,144.3921653125,52.564508208333336
2020-05-03,81.68791860416667,162.721205875,54.30960104166667
2020-05-04,95.29787095833332,157.6621595,28.011245333333335
2020-05-05,107.35291291666665,170.43100816666666,26.717621895833332
2020-05-06,106.04823710416667,168.07929616666667,23.11455691666667
2020-05-07,118.52400612500001,174.91561910416667,13.338239979166666
2020-05-08,100.92790197916668,173.37856997916666,11.488597208333333
2020-05-09,129.87573822916667,182.19644891666667,3.3432073125
2020-05-10,114.51130566666666,167.50511852083335,14.533571604166665
2020-05-11,97.5397444375,151.96755789583332,7.590961666666668
2020-05-12,116.10848210416667,174.16800933333334,21.213860541666666
2020-05-13,75.9204245625,114.79144475,5.894765666666667
2020-05-14,83.44025139583333,117.32116220833332,6.283869375000001
2020-05-15,138.70263827083332,188.85870118749997,10.798932291666667
2020-05-16,126.10104166666667,167.01529422916667,-3.285483541666667
2020-05-17,78.73989937500001,95.8193169375,-11.318732979166667
2020-05-18,125.76046000000001,183.9934705625,22.49851483333333
2020-05-19,113.78330314583333,162.04658902083335,11.654307083333334
2020-05-20,120.42858902083333,194.60380602083333,26.364418583333332
2020-05-21,141.36523395833333,196.34461512500002,6.836569791666666
2020-05-22,145.79884510416667,185.5779753125,-0.2745408333333337
2020-05-23,153.3761291666667,195.3315347291667,-2.9273086041666665
2020-05-24,151.20499227083334,205.31815964583333,2.312175062500001
2020-05-25,144.17400695833334,213.1200417916667,0.720346208333333
2020-05-26,145.61657354166667,219.0446963541667,-0.7101941249999997
2020-05-27,183.2187578125,211.55225883333333,-20.530531979166668
2020-05-28,169.0235575,203.43118943750002,-11.3345058125
2020-05-29,114.89437279166667,189.7881669375,28.659831458333333
2020-05-30,92.78200062500001,155.82301358333333,12.660680416666667
2020-05-31,106.66232018750001,164.16613833333335,24.208496874999998
2020-06-01,130.17353166666666,200.67462652083336,24.06453
2020-06-02,148.843312,208.54269208333335,11.063177666666666
2020-06-03,147.65417443750002,207.28817191666667,10.924564166666668
2020-06-04,86.83521875000001,186.0969162708333,56.24696470833334
2020-06-05,53.577253104166665,173.39704300000002,90.52637031249999
2020-06-06,42.096415,166.67667014583333,84.75968635416666
2020-06-07,26.993715770833333,149.67989077083334,93.6713325
2020-06-08,46.83830802083333,171.95486549999998,92.4602009375
2020-06-09,40.61025108333333,168.96276010416668,88.41437720833333
2020-06-10,53.268603291666665,152.01351889583333,61.547061875
2020-06-11,54.38180422916667,155.61454685416666,65.6622
2020-06-12,48.66702708333333,132.16494891666667,60.5098025
2020-06-13,49.12821441666667,172.5349084791667,83.04525383333333
2020-06-14,71.90636852083334,176.37922306250002,62.07300166666667
2020-06-15,73.60537441666666,135.90473279166665,29.950534166666667
2020-06-16,91.7537435625,183.3768229791667,54.861323125000006
2020-06-17,138.79232341666668,187.20879445833336,10.088611895833333
2020-06-18,131.98663289583334,188.16606966666666,16.8990253125
2020-06-19,119.80585070833332,192.27139191666666,29.839853645833333
2020-06-20,103.12549902083333,194.96028122916667,53.66240908333333
2020-06-21,121.86372172916667,200.536048875,35.74026614583333
2020-06-22,131.79738875,203.08188314583333,24.75760460416667
2020-06-23,137.974292125,199.67547845833334,24.072320395833334
2020-06-24,128.90340979166666,208.21558279166666,31.626889791666667
2020-06-25,139.10371433333333,210.215709375,25.925010187499996
2020-06-26,143.86035375,205.99355722916667,15.194176458333333
2020-06-27,135.78213733333334,202.99904010416665,27.79222854166667
2020-06-28,130.506188125,203.28936658333336,37.80985320833333
2020-06-29,172.18916918749997,195.03501122916668,-15.527747499999998
2020-06-30,149.33880085416666,205.35610029166665,18.945264104166665
2020-07-01,139.7302873125,206.00592860416666,26.37522441666667
2020-07-02,117.582109875,202.37743991666665,43.74502566666666
2020-07-03,116.69765722916667,201.86328372916668,47.77567104166667
2020-07-04,131.4725016875,203.792826625,21.42931283333333
2020-07-05,145.26730335416667,193.4339938541667,6.819225520833335
2020-07-06,92.48753179166665,164.28692445833335,49.52121514583334
2020-07-07,34.63494875,157.04900070833335,94.89904416666667
2020-07-08,36.91602016666667,159.50083072916667,83.511785125
2020-07-09,41.64673997916667,149.92201829166666,77.31444254166666
2020-07-10,47.77085470833333,131.28607295833334,60.53106297916667
2020-07-11,58.082169354166666,150.50204689583333,66.67643329166667
2020-07-12,76.617541625,149.74988088541667,55.370096875
2020-07-13,67.69784997916666,160.41881014583333,67.52493483333333
2020-07-14,70.90359520833333,160.69788554166666,60.114945
2020-07-15,80.96027595833333,160.859002125,44.425340625
2020-07-16,89.02275335416665,170.97322947916666,49.620663
2020-07-17,95.42510772916667,171.6885266875,43.43303604166667
2020-07-18,115.35785041666666,169.50554087499998,19.2284215
2020-07-19,110.9762953125,175.459330625,28.004507500000003
2020-07-20,105.8175805625,178.196283125,34.81269208333333
2020-07-21,109.6214016875,155.53731641666667,16.444935416666667
2020-07-22,110.66874545833333,177.9635801875,27.560145416666668
2020-07-23,124.81193404166667,179.81968902083335,17.017621979166666
2020-07-24,134.40928183333332,185.52101004166664,12.386513958333333
2020-07-25,137.55420560416667,183.80579704166666,5.039047520833333
2020-07-26,148.05455704166667,182.66002543750002,-1.1181686458333335
2020-07-27,158.66723041666668,182.20654777083334,-8.6623318125
2020-07-28,140.73966410416668,178.99842135416668,-1.8033352708333326
2020-07-29,146.1242255,184.7968373125,7.8928891666666665
2020-07-30,141.45647766666667,180.2480806458333,3.0780614583333334
2020-07-31,122.24353554166667,170.98988895833335,27.234291645833334
2020-08-01,51.569633124999996,132.91119333333333,67.14422322916667
2020-08-02,55.81713379166666,137.3792794375,65.292396625
2020-08-03,62.90018391666666,138.65445152083333,55.54450333333333
2020-08-04,52.96848085416667,142.62822704166666,65.03253891666667
2020-08-05,48.313947000000006,142.4548884375,82.05269252083333
2020-08-06,51.26593839583333,149.8281558125,72.30008572916667
2020-08-07,66.05419808333333,138.0777705625,47.123814833333334
2020-08-08,78.58633997916667,141.758431625,37.00809647916667
2020-08-09,100.3779271875,148.31051660416668,20.89679375
2020-08-10,106.693959375,150.08894360416667,23.732633958333334
2020-08-11,91.09542570833332,146.164620125,32.294721458333335
2020-08-12,95.59968714583334,152.13688393750002,27.3303861875
2020-08-13,109.76052712500001,154.88838089583334,9.544894874999999
2020-08-14,127.02618072916665,159.4954879375,5.035734229166667
2020-08-15,112.52613166666667,157.02068775,1.2725000833333333
2020-08-16,147.62955508333332,169.12116764583334,-30.000930666666665
2020-08-17,115.27416439583334,117.97259997916666,-21.566783958333332
2020-08-18,142.48401854166667,150.32462714583332,-30.991567083333333
2020-08-19,96.95253045833334,77.03794904166666,-38.86894427083333
2020-08-20,120.32796791666668,100.74330354166666,-35.183065854166664
2020-08-21,107.59155183333333,120.19158185416666,-8.787478541666667
2020-08-22,81.6262438125,110.42886887499999,-1.9165451666666666
2020-08-23,93.35984941666668,108.88744072916666,-16.1142954375
2020-08-24,99.40449308333335,100.03019179166667,-22.710155395833336
2020-08-25,124.306575,139.63002785416668,-17.006403625
2020-08-26,130.187109375,151.54948720833332,-8.708677416666667
2020-08-27,115.18835597916666,158.70426639583334,4.465573625
2020-08-28,118.52228095833334,139.8117740625,-12.298457208333334
2020-08-29,118.27423083333333,133.50618325,-10.244610645833333
2020-08-30,113.11424904166667,122.5788505625,-19.289112020833333
2020-08-31,126.03882872916667,127.8091053125,-21.716465437500002
2020-09-01,115.36468160416666,121.21165287500001,-17.0718900625
2020-09-02,115.948492,130.12139366666665,-16.623605208333334
2020-09-03,121.31444035416666,136.34430470833334,-20.512757687500002
2020-09-04,129.55983552083333,137.76680666666667,-19.728593229166666
2020-09-05,79.53633425,142.626526125,12.677643375
2020-09-06,41.65129539583334,109.20483310416667,38.984580020833334
2020-09-07,45.42659941666667,86.77425910416667,18.842685208333332
2020-09-08,51.42575727083334,68.97947366666666,-3.2858585416666677
2020-09-09,19.124291645833335,27.9700935,19.5508049375
2020-09-10,17.25760497916667,35.191796375,16.440454854166667
2020-09-11,31.909306791666666,78.614158,28.3595523125
2020-09-12,37.6691871875,72.06497508333334,18.695882791666666
2020-09-13,47.03228370833333,75.668855875,17.680670958333334
2020-09-14,58.29572539583333,86.18130397916667,20.740727291666666
2020-09-15,63.69318810000001,91.46172670833333,14.070191937499999
2020-09-16,76.62046445833333,102.62568775,1.9242777083333333
2020-09-17,84.66056258333333,111.8508645,-6.487712125000001
2020-09-18,82.14189527083333,92.23860664583333,-15.563310000000001
2020-09-19,78.6945723125,115.12365904166666,5.3563749375
2020-09-20,79.8394040625,109.69152966666667,-2.8371381875000004
2020-09-21,86.51611341666667,113.08248022916666,-6.424466166666666
2020-09-22,112.273797875,120.12653010416666,-28.024172979166668
2020-09-23,116.1310010625,114.64225860416667,-29.738627645833333
2020-09-24,119.480385625,108.04322077083333,-33.14808479166667
2020-09-25,102.11603052083332,113.97366262499999,-7.526448791666667
2020-09-26,111.89277652083332,112.142579,-27.852335041666667
2020-09-27,92.16524972916666,109.11693283333334,-22.025355604166666
2020-09-28,84.61442704166667,111.80046983333334,-13.089268854166667
2020-09-29,75.37105447916666,96.35019385416666,-4.5936086875
2020-09-30,95.94416304166667,102.10064672916667,-28.55611372916667
2020-10-01,55.94976725,71.73344685416667,-4.958956916666667
2020-10-02,51.369211479166665,66.41285066666667,-7.9991995
2020-10-03,50.0019125,69.7794795,-4.921884395833334
2020-10-04,95.3453088125,104.56107525,-13.216747354166666
2020-10-05,81.18818135416667,99.05083092708333,-0.7394689166666667
2020-10-06,58.427400838541665,84.24508404166666,-8.137561104166666
2020-10-07,58.492605708333336,71.5786786875,9.733755666666667
2020-10-08,18.513983416666665,24.948225645833332,5.1457305
2020-10-09,20.365172208333334,64.03962195833334,28.911369208333337
2020-10-10,15.405647166666666,69.74183708333334,43.61469885416667
2020-10-11,27.15445427083333,83.6525214375,43.60948904166667
2020-10-12,32.2837535625,87.15414945833334,43.6018269375
2020-10-13,34.57571204166667,85.33967820833334,35.264490125
2020-10-14,43.7758725,85.48073427083334,21.437396854166668
2020-10-15,39.5153540625,84.562096,21.634910729166666
2020-10-16,45.32979660416667,79.416681125,11.8982313125
2020-10-17,40.11235634166667,81.14450591666667,11.173554104166667
2020-10-18,51.60798891666667,82.43132858333333,15.073920104166667
2020-10-19,59.52846485833334,82.4346921875,14.050707041666668
2020-10-20,53.22503373958333,83.53976222916667,9.396176770833334
2020-10-21,58.205874208333334,80.587547,5.7195998125
2020-10-22,63.8227911875,70.270134375,-0.8879941874999996
2020-10-23,60.15337752083334,58.22917347916667,-9.347056604166667
2020-10-24,49.818953854166665,51.844907750000004,0.19763770833333272
2020-10-25,62.5026842375,46.674858666666665,-29.370767083333334
2020-10-26,75.89704666666667,38.16396254166667,-46.950844708333335
2020-10-27,48.20954177083333,55.6771714375,7.0211237083333335
2020-10-28,41.9425375,53.381189937500004,5.929428354166666
2020-10-29,44.21969997916667,62.21232589583334,9.703935166666666
2020-10-30,48.914371520833335,65.04069245833334,7.565064583333334
2020-10-31,47.93881770833334,70.01887039583333,7.030320395833333
2020-11-01,38.542777208333334,60.588370437500004,7.323787562500001
2020-11-02,47.353038416666664,62.89410377083333,4.8199581875
2020-11-03,51.71016452083333,55.60607485416667,-2.0866965
2020-11-04,53.415369437500004,73.5941420625,4.641410645833333
2020-11-05,39.222585625,62.36771414583333,0.20342493750000015
2020-11-06,64.56482816666666,38.09234160416667,-30.427352208333332
2020-11-07,42.988051937499996,52.10562427083334,-2.3892525416666666
2020-11-08,60.9232450625,37.39661789583334,-21.37642825
2020-11-09,35.3014733125,40.240052687500004,10.6592913125
2020-11-10,29.130352125,50.60002639583333,14.779920916666667
2020-11-11,26.290501729166667,32.76275429166667,6.1094727708333325
2020-11-12,30.874887458333333,59.71986679166667,16.3691543125
2020-11-13,17.092702645833334,21.097471083333335,-7.013980770833332
2020-11-14,34.31370660416667,50.7924186875,11.366257687500001
2020-11-15,29.344151874999998,63.8710938125,13.172863104166666
2020-11-16,28.7215346875,50.51436922916667,11.3645541875
2020-11-17,13.340163083333332,10.205748708333333,-17.0236694375
2020-11-18,38.323262595833334,47.2454185,-5.086691833333334
2020-11-19,35.25032150416667,41.84680227083333,4.287103270833334
2020-11-20,33.34861120833333,41.7606856875,13.293967625
2020-11-21,24.7931012,52.209054375,12.318687354166668
2020-11-22,25.2157145625,45.72972447916666,11.713660124999999
2020-11-23,33.05406062083333,39.531417437500004,8.57883925
2020-11-24,32.9673513125,32.24537479166667,4.790113979166667
2020-11-25,37.444411625,26.027195208333335,-4.3523895625
2020-11-26,48.208166437500005,8.525101291666665,-39.23283416666667
2020-11-27,22.342240354166666,24.708018645833334,11.560703958333333
2020-11-28,23.9724633125,35.62611366666666,16.842822604166667
2020-11-29,16.75406,46.23894197916667,13.369448729166669
2020-11-30,21.704205524583333,45.23343229166667,18.147904208333333
2020-12-01,20.92610312625,39.714303375,15.773647125000002
2020-12-02,18.831715354166665,36.209665208333334,14.375976479166667
2020-12-03,17.148877479166668,27.52744325,9.642912875
2020-12-04,19.3070782125,36.616075520833334,13.485055666666668
2020-12-05,18.069021183333334,19.238057229166667,5.323862624999999
2020-12-06,24.388353695625,25.845288791666665,4.4636548750000005
2020-12-07,37.86906716666667,9.720115020833335,-28.8624344375
2020-12-08,20.79163675,22.9846598125,12.029671041666667
2020-12-09,20.478965958333333,24.81345929166667,16.366794208333335
2020-12-10,24.080650416666668,19.3594636875,6.049670020833333
2020-12-11,10.485713458333334,14.008384999999999,-3.3944249375
2020-12-12,11.200471560416666,23.087528250000002,2.5229836875
2020-12-13,9.387438791666666,22.607877791666667,-25.705405
2020-12-14,25.746284666666668,19.901608229166666,8.06120925
2020-12-15,14.111107583333334,20.566076479166668,11.563387104166667
2020-12-16,12.396554298604167,38.36740347916666,12.439501875
2020-12-17,24.45357454166667,52.58716635416667,10.028551062499998
2020-12-18,19.902961270833334,31.10945972916667,11.134759604166668
2020-12-19,13.599188966249999,40.709647833333335,23.533530541666664
2020-12-20,11.808703872916666,54.94263433333333,21.111681833333332
2020-12-21,4.52122811,30.84412897916667,13.551955229166666
2020-12-22,15.451561604166669,32.991241,1.9854644166666668
2020-12-23,11.837298787500002,26.193585645833334,15.014130625
2020-12-24,7.309213031875,22.417912187499997,15.100112604166666
2020-12-25,11.181539989583333,13.876363770833334,-7.852269145833333
2020-12-26,14.805601000000001,16.943065770833336,6.557113791666667
2020-12-27,14.723685270833334,22.121544687500002,10.723362041666666
2020-12-28,14.408221941666667,32.86874925,8.5358746875
2020-12-29,17.271201374583335,40.733311234848486,22.3959885
2020-12-30,17.177700541666667,100.77244201515151,18.457052979166665
2020-12-31,22.526377956250002,37.611170124999994,12.009074583333332
2021-01-01,8.709162666666666,10.526361729166668,12.996189833333332
2021-01-02,10.134103229166668,25.1237883125,8.390857416666668
2021-01-03,8.787921317083333,23.934905437500003,11.789788479166667
2021-01-04,12.727348791666666,13.114363583333335,-13.155939979166668
2021-01-05,7.9116927125,15.187649145833332,10.908600145833333
2021-01-06,11.411765908333335,36.40633570833334,9.314816520833334
2021-01-07,17.287111958333334,50.8542265,23.618983416666666
2021-01-08,8.613679145833332,25.622118312500003,14.230031437500001
2021-01-09,15.045287104166666,27.732132020833333,19.92153522916667
2021-01-10,5.539025720833333,10.0448788125,8.1268233125
2021-01-11,10.858929375,40.34422983333334,23.641139770833334
2021-01-12,8.338362916666666,22.455401395833334,7.652308125
2021-01-13,15.709783691666667,36.554674375,14.892037541666667
2021-01-14,13.863641520833333,42.825412937500005,24.639861291666666
2021-01-15,13.132749710416666,45.28418895833334,19.512390458333332
2021-01-16,19.605965666666666,45.64453522916667,23.594254208333336
2021-01-17,17.257603916666667,47.83268391666667,19.471986625
2021-01-18,48.157616875,28.08013239583333,-23.89081625
2021-01-19,40.028436875000004,10.538438541666666,-25.97776
2021-01-20,17.546636895833334,32.356725895833335,26.199739520833333
2021-01-21,13.94480625,28.762691020833334,19.397503166666667
2021-01-22,17.052179291666665,37.278401708333334,4.204351291666667
2021-01-23,17.336697083333334,52.920847395833334,30.367493874999997
2021-01-24,12.5974825,12.159649625,1.9201253124999997
2021-01-25,38.693628125,28.651601083333333,2.783943124999999
2021-01-26,16.74895175,18.236411291666666,-19.978011875
2021-01-27,9.301931041666666,10.0637209375,-11.021143125
2021-01-28,6.9109475,9.418327416666667,-22.349946229166665
2021-01-29,26.200518854166663,84.91268008333334,20.123136770833334
2021-01-30,27.549722937499997,54.88044129166667,18.3825585
2021-01-31,24.0069301875,55.659609687499994,17.446784375
2021-02-01,24.811518145833332,47.87460720833334,15.485363854166666
2021-02-02,17.693876104166666,43.92000008333333,1.4357809375
2021-02-03,33.0323680625,26.167353916666666,6.475441458333333
2021-02-04,27.184432541666666,46.42044864583334,22.9608541875
2021-02-05,19.903903833333334,51.7333766875,26.913258499999998
2021-02-06,21.242377413333333,67.1826999375,22.00400222916667
2021-02-07,23.34780777083333,67.68123572916666,21.800341375000002
2021-02-08,16.586856404166667,54.50595447916667,17.909162395833334
2021-02-09,26.89636145833333,41.95059341666667,5.6225148125
2021-02-10,32.222012541666665,59.098645624999996,23.351107499999998
2021-02-11,14.782294666666667,16.10412570833333,-3.317869354166667
2021-02-12,50.306072416666666,69.15887722916666,8.004487979166665
2021-02-13,39.8821081875,66.16490410416667,20.81336045833333
2021-02-14,22.350375270833336,26.865146791666664,7.868636979166666
2021-02-15,15.26341275,17.716351479166665,0.28367364583333315
2021-02-16,25.534251458333333,41.42577485416667,19.415416875000002
2021-02-17,40.8602026875,53.909257958333335,18.633532708333334
2021-02-18,22.822194895833334,56.1043893125,19.611450729166666
2021-02-19,19.292418625,38.87214664583333,8.493158833333334
2021-02-20,36.66731516666667,68.32958883333333,27.668293958333336
2021-02-21,30.33469375,73.78217995833334,36.99096741666667
2021-02-22,27.885484166666668,78.53343110416667,35.9353549375
2021-02-23,34.2431110625,77.67064909375,26.067886562499996
2021-02-24,42.926706458333335,63.29336658333333,9.7959325
2021-02-25,33.9128714375,58.9956515,19.3427845625
2021-02-26,30.205895833333333,64.98479731249999,29.272689854166668
2021-02-27,35.35777875,62.75575733333333,33.29064895833333
2021-02-28,32.05889410416667,66.61914841666668,26.43242472916667
2021-03-01,37.58084016666667,74.8087586875,30.204174479166667
2021-03-02,32.82323720833333,68.28913541666667,22.367611375
2021-03-03,30.27640447916667,34.5025444375,6.635182874999999
2021-03-04,36.631764625,79.40327977083334,30.24513677083333
2021-03-05,47.204783875000004,97.33891560416667,25.45086729166667
2021-03-06,60.194003979166666,108.50468610416668,17.366901333333335
2021-03-07,47.3498059375,92.32328543749999,33.51124658333334
2021-03-08,45.3480575,77.69686525,21.09231535416667
2021-03-09,36.657063666666666,65.48705839583333,15.011244770833335
2021-03-10,40.12766602083333,86.84992204166667,9.607015333333333
2021-03-11,53.200921375,111.29051310416666,18.895484916666668
2021-03-12,59.940798708333325,99.68260447916667,27.841742854166668
2021-03-13,38.78419808333333,96.317883,48.449254375
2021-03-14,34.10944504166667,68.73239252083333,19.344507166666666
2021-03-15,45.081541208333334,72.00622095833333,33.192264375
2021-03-16,44.88505785416667,106.50860933333333,43.096780312499995
2021-03-17,30.626141937499998,75.14481075,27.045983666666668
2021-03-18,25.332515375,65.16757189583333,13.101796125
2021-03-19,32.535110833333334,50.21401829166667,-0.7682966874999998
2021-03-20,59.04277289583334,98.077961125,36.077671458333334
2021-03-21,59.627403125,103.70143060416666,36.82249395833333
2021-03-22,44.980898583333335,94.95609104166665,38.785351041666665
2021-03-23,68.10353429166666,106.61871179166667,13.898982708333333
2021-03-24,61.78288833333334,98.420523125,21.228205624999998
2021-03-25,59.15753908333334,113.52657733333332,42.924230020833335
2021-03-26,72.28527020833333,118.628114,23.10942377083333
2021-03-27,65.14437447916667,126.09486404166667,28.813416166666666
2021-03-28,71.658658625,123.68830145833333,22.269992312499998
2021-03-29,77.23394429166667,120.81488966666666,27.589190875
2021-03-30,105.23744333333333,117.31983981249999,-17.933465625
2021-03-31,75.60372672916667,136.59539246875,20.541718541666665
2021-04-01,84.48467891666667,141.38951091666667,16.147304458333334
2021-04-02,90.7199204375,128.99740122916668,9.388202000000001
2021-04-03,65.83265308333334,118.9999734375,32.34795208333333
2021-04-04,71.05882147916667,114.10460925000001,15.985477708333333
2021-04-05,76.10397497916667,130.54018752083334,29.442165208333332
2021-04-06,88.94088729166667,140.29876429166666,24.954537083333335
2021-04-07,84.78342564583333,125.2984601875,19.344123333333332
2021-04-08,96.14812441666668,146.00032656250002,24.9195568125
2021-04-09,97.66311743749999,141.06226137500002,19.9753074375
2021-04-10,102.28282041666667,147.98173416666666,22.631711791666664
2021-04-11,120.79370293750002,149.87081404166665,4.40744575
2021-04-12,117.76668185416666,145.46885379166667,-3.7110747083333333
2021-04-13,102.89466883333334,152.5030550625,27.78770916666667
2021-04-14,108.27691791666666,152.68759716666668,19.440943333333333
2021-04-15,109.47129170833334,152.52547654166668,15.043836145833334
2021-04-16,111.66321868749999,152.39440483333334,8.772574166666667
2021-04-17,127.65053522916666,154.6216877916667,-12.464223333333335
2021-04-18,134.8429695833333,156.70647864583333,-19.22669822916667
2021-04-19,114.88729704166667,160.05884952083332,3.9376746458333334
2021-04-20,104.36296,156.938864,25.423744375
2021-04-21,118.08408102083332,159.36453404166664,12.713487916666667
2021-04-22,96.3289525,168.50372991666669,37.9471926875
2021-04-23,104.85768386666666,169.90608077083334,24.187498541666667
2021-04-24,107.88987172916666,157.32786102083335,17.211447500000002
2021-04-25,56.975459479166666,65.5150141875,-14.382685625
2021-04-26,55.97695385416667,124.5410119375,49.64474333333334
2021-04-27,43.32345160416667,154.31290681250002,74.90901791666667
2021-04-28,51.000252958333334,142.5984864375,54.91841222916667
2021-04-29,51.674229499999996,143.20348241666667,46.8228456875
2021-04-30,56.48540404166667,139.17964977083332,59.899816583333326
2021-05-01,48.234628854166665,161.4841398125,81.19841297916666
2021-05-02,74.68898952083333,155.9749625,43.37048041666666
2021-05-03,99.43218966666666,159.97962972916667,17.926232916666667
2021-05-04,111.055024375,168.22663197916668,18.4280644375
2021-05-05,118.88626562500001,170.94567714583332,4.1636450625
2021-05-06,113.90536854166668,161.78062808333334,18.158670833333332
2021-05-07,116.32475475,170.79725814583333,28.195693958333333
2021-05-08,140.05047249999998,169.01052237500002,-14.172119583333334
2021-05-09,161.10704166666667,171.05289145833333,-24.958802708333334
2021-05-10,158.89850675,180.723028375,-20.278680625
2021-05-11,165.36246247916668,184.44104989583332,-17.805119604166666
2021-05-12,182.37930479166667,185.69462554166668,-21.008524208333334
2021-05-13,146.13672904166665,185.8131655625,1.8938839375
2021-05-14,143.7742180625,190.79355945833333,8.630335
2021-05-15,107.84765683333335,174.24074295833336,13.485861458333332
2021-05-16,130.46249479166667,192.00705370833336,16.58398791666667
2021-05-17,135.520317125,190.80856989583333,15.156799999999999
2021-05-18,178.130076,188.68031466666665,-34.55891104166667
2021-05-19,164.13142104166667,185.5526475,-16.549810208333334
2021-05-20,171.70566583333334,180.65575370833335,-22.543002083333334
2021-05-21,170.78109514583332,192.44950949999998,-20.626275833333334
2021-05-22,162.68512810416667,187.06430252083337,-10.8333654375
2021-05-23,164.6648414375,198.31779679166667,-0.3288119375000003
2021-05-24,186.47290166666664,197.54599210416666,-34.534473125
2021-05-25,190.58903083333334,203.55047443750001,-26.373632708333332
2021-05-26,179.01667658333335,201.74484514583332,-26.511324833333333
2021-05-27,177.91291545833334,199.7687285833333,-26.149440062500002
2021-05-28,166.94203854166668,196.00366772916666,-17.309607916666668
2021-05-29,58.254286375,175.21325183333332,94.2206015
2021-05-30,47.705631395833336,171.26896958333336,92.4530349375
2021-05-31,65.27661562499999,161.53722702083334,53.95927585416667
2021-06-01,64.3293975625,167.2416308541667,66.35058925
2021-06-02,63.00517133333333,169.1621759375,75.599360625
2021-06-03,90.37437470833333,176.80424952083334,52.301706208333336
2021-06-04,93.41074845833333,182.25046508333332,49.1114325
2021-06-05,99.50992710416666,185.51282316666666,42.699414375
2021-06-06,106.363462125,192.94450141666667,44.5710680625
2021-06-07,102.40605627083333,184.41035893749998,47.124960625
2021-06-08,103.36564291666667,186.82037225,46.599181875
2021-06-09,99.89100437500001,186.37780989583334,43.692858916666665
2021-06-10,112.03844666666667,184.96723599999999,20.943395624999997
2021-06-11,124.28950322916667,196.079406375,21.854331458333334
2021-06-12,138.7196175,205.1523459166667,10.52966625
2021-06-13,128.1092375,205.42501177083332,18.370697500000002
2021-06-14,133.61754779166668,204.3830821875,20.110197083333333
2021-06-15,156.53596579166665,194.10737377083333,-3.7522735416666664
2021-06-16,135.61406285416666,185.78971502083334,-4.377712041666666
2021-06-17,163.07821860416666,215.6228288125,-12.675662270833334
2021-06-18,158.10043468749998,209.87610395833335,-17.085542083333333
2021-06-19,173.54445385416668,202.64722141666667,-18.098242166666665
2021-06-20,149.15858895833333,206.21320058333333,1.8198608749999998
2021-06-21,126.64581260416666,201.50974122916668,25.62868416666667
2021-06-22,135.50219479166665,203.99691568749998,16.457163333333334
2021-06-23,148.322779375,205.56426408333334,1.6483006250000003
2021-06-24,164.08352625,205.75545610416668,-11.003357291666667
2021-06-25,95.49828227083333,183.86798175,45.6862725
2021-06-26,40.811032895833335,171.27431275,81.44489666666666
2021-06-27,37.13153914583334,172.4346229375,94.9361521875
2021-06-28,40.6088190625,173.54329879166667,93.57552958333333
2021-06-29,61.6360670625,166.33592168750002,72.69291533333333
2021-06-30,61.0274904375,176.010617,77.70245666666666
2021-07-01,73.1757780625,176.6624095,59.97629533333333
2021-07-02,95.02339575,180.2470466875,41.552703854166666
2021-07-03,103.19901452083333,172.70533418749997,26.798473333333334
2021-07-04,116.29601908333332,185.04606918750002,21.912749375
2021-07-05,128.49070089583333,187.28792310416668,17.608650833333332
2021-07-06,136.05183333333335,190.61242787499998,10.345489020833334
2021-07-07,138.49486695833335,189.00839470833333,6.4438551041666665
2021-07-08,127.2361176875,197.95121783333332,12.133819416666666
2021-07-09,181.7253445625,206.94830091666665,-30.457263020833334
2021-07-10,194.2520570833333,207.35094260416668,-51.286519999999996
2021-07-11,184.97408195833336,198.44381697916666,-37.10408666666667
2021-07-12,162.808445125,197.1591970625,-12.0645608125
2021-07-13,153.43557029166666,194.80311410416667,-3.5478172916666657
2021-07-14,148.7159141875,191.11632283333333,-6.428879354166667
2021-07-15,154.57639997916667,193.40610741666669,-1.3320395833333323
2021-07-16,146.47394077083334,202.53261593750003,1.1855142916666668
2021-07-17,154.7907304375,201.42711597916664,-15.93123
2021-07-18,142.035984375,196.16076989583334,-13.9334990625
2021-07-19,153.04908145833335,196.30771847916665,-27.750957437500002
2021-07-20,177.11935666666668,196.12104747916666,-30.716696375
2021-07-21,103.78285816666666,161.89368575,39.29449458333333
2021-07-22,45.807826437500005,155.12394325,78.08203677083334
2021-07-23,46.23742991666666,149.27844835416667,68.49448095833334
2021-07-24,48.50044552083333,148.24283483333332,72.876513125
2021-07-25,50.37142933333333,147.49147735416668,70.0882675
2021-07-26,36.5557514375,105.25074660416668,53.42570166666667
2021-07-27,76.146236375,140.37336229166667,40.719995812499995
2021-07-28,89.65149252083334,140.03215235416667,27.322419791666665
2021-07-29,101.91938627083334,147.965472125,17.387358583333334
2021-07-30,122.34354458333333,157.5606923125,12.484309791666668
2021-07-31,113.41891233333332,149.96346145833334,16.84586979166667
2021-08-01,116.90568354166668,158.34374745833333,14.732117916666667
2021-08-02,98.93106858333334,125.6340633125,4.079105416666668
2021-08-03,136.006560375,156.8631505,1.9256328125000002
2021-08-04,139.34607222916665,166.06214835416668,-5.3455438125
2021-08-05,123.66777679166667,160.02148870833335,4.010360208333334
2021-08-06,73.85953535416667,95.26001764583333,-2.955039354166667
2021-08-07,84.23622875,103.941181875,-2.7238950208333335
2021-08-08,137.41329533333334,175.7063085625,-3.547183499999999
2021-08-09,140.13983504166666,179.93265618750002,-8.02578425
2021-08-10,153.10380177083334,177.5873960625,-10.488959875
2021-08-11,179.28364443750002,174.91077177083332,-48.37111664583333
2021-08-12,158.01853316666666,150.2537636875,-44.108485374999994
2021-08-13,157.68574847916668,166.65220233333335,-29.6640101875
2021-08-14,159.8907263125,166.91528947916666,-31.533699770833334
2021-08-15,114.97182758333334,143.25481322916667,-7.690680520833332
2021-08-16,166.08652002083332,159.74215327083334,-42.41542875
2021-08-17,127.07796275,135.37230414583334,-21.065579500000002
2021-08-18,105.04558166666668,83.84432979166667,-42.65462604166667
2021-08-19,98.0808854375,97.25645095833333,-22.463840958333336
2021-08-20,31.786587333333333,81.42978831250001,35.6848825625
2021-08-21,29.0696973125,121.14338377083334,51.183141687500004
2021-08-22,36.511126187500004,130.8674076041667,69.03384310416666
2021-08-23,38.62149652083333,132.70066435416666,76.504930875
2021-08-24,40.464734854166664,122.42427904166668,67.89840760416666
2021-08-25,47.646148624999995,122.56243964583332,69.55336270833332
2021-08-26,58.9880193125,133.65322993750002,55.609765625
2021-08-27,66.41406847916666,113.86858545833333,34.040114895833334
2021-08-28,76.05114922916667,117.4462649375,21.732774458333335
2021-08-29,98.022339,124.10185777083335,9.572211458333333
2021-08-30,88.717864625,130.04522220833334,22.262152187499996
2021-08-31,99.76749460416666,136.6537211875,18.154060645833333
2021-09-01,80.24467285416667,130.24057452083335,36.71818947916667
2021-09-02,81.44608502083334,118.98438264583332,20.041682708333333
2021-09-03,87.03653172916667,129.91739731250001,19.0063481875
2021-09-04,102.4108066875,140.22620764583334,9.984744395833333
2021-09-05,109.75802897916667,139.17979733333334,5.463294166666667
2021-09-06,111.798314875,138.41984718749998,-2.0200578333333334
2021-09-07,150.60479029166666,140.41626254166667,-35.4576790625
2021-09-08,144.9870229375,136.96117285416668,-42.06462104166666
2021-09-09,113.69706808333332,129.4884605,-25.697043166666663
2021-09-10,134.8616039375,135.73840414583333,-21.5476955625
2021-09-11,120.0804515625,133.24100029166667,-7.494315291666666
2021-09-12,119.29777533125001,144.45094295833334,-16.127409708333335
2021-09-13,114.80807320833333,137.24138822916666,-6.5334383958333335
2021-09-14,119.75704720833333,125.55690016666667,-24.433590666666664
2021-09-15,114.036067375,111.03068916666666,-23.858135
2021-09-16,101.97675918750001,113.75194620833334,-10.700243958333333
2021-09-17,104.56727191666666,123.93645954166668,-11.572623979166666
2021-09-18,103.34570134583333,121.5342735,-1.4407463958333333
2021-09-19,111.79582699999999,123.22077910416665,-12.900436937499999
2021-09-20,92.3924809375,125.15508260416668,-7.595932354166667
2021-09-21,86.06872460416668,118.544233625,2.3318691458333336
2021-09-22,130.86590679166667,120.81852810416666,-38.105629854166665
2021-09-23,111.1573775,119.6412066875,-19.17320014583333
2021-09-24,99.74414564583333,105.53658352083333,-20.8252106875
2021-09-25,92.5212071875,86.98854143749999,-25.373798750000002
2021-09-26,100.71356729166666,89.48320877083334,-32.4823339375
2021-09-27,100.12166916666666,107.60867860416666,-18.586326666666668
2021-09-28,117.97896652083334,99.2091205625,-29.0362921875
2021-09-29,107.84140197916668,100.7595774375,-24.223389166666667
2021-09-30,77.12397470833334,108.71825416666667,6.535976125
2021-10-01,78.66038514583333,110.07726314583334,3.8786371458333337
2021-10-02,73.47364068750001,107.99319560416666,0.9001193749999999
2021-10-03,63.9186209375,88.62735550000001,0.83082625
2021-10-04,62.57454714583333,95.25392481249999,-2.2028095625
2021-10-05,101.17739445833332,89.01581364583335,-30.730205854166666
2021-10-06,90.7761695,78.5214309375,-21.684059645833333
2021-10-07,93.37535493749999,94.55043052083333,-16.186056458333333
2021-10-08,83.33739772916667,86.87462166666667,-10.426128499999999
2021-10-09,70.75713289583334,98.72519904166667,9.915568958333333
2021-10-10,76.25344862499999,89.30013516666666,-6.164436645833334
2021-10-11,118.30838497916666,54.86179679166667,-64.44484460416668
2021-10-12,102.31967110416667,72.369436875,-21.213988958333335
2021-10-13,53.72858522916667,78.109154875,23.13997822916667
2021-10-14,41.60784616666667,84.62740429166666,41.844343875
2021-10-15,28.736516249999998,70.0588629375,34.268337645833334
2021-10-16,32.015075895833334,73.2200375625,28.83490491666667
2021-10-17,26.732714229166664,50.58236772916666,13.855260229166666
2021-10-18,32.93790716666667,65.65016675,37.66035452083333
2021-10-19,30.672893541666667,77.29219804166667,27.553703708333334
2021-10-20,24.147627375,33.96767489583333,-0.6242155416666666
2021-10-21,40.4846328125,71.57591781250001,11.308422395833333
2021-10-22,50.75509354166667,55.401110270833335,-1.7718632916666666
2021-10-23,43.543732500000004,64.84654589583333,11.887150749999998
2021-10-24,10.653900833333333,8.911266791666668,27.1537530625
2021-10-25,62.85979602083333,87.27484422916666,18.0631009375
2021-10-26,34.045972229166665,53.52451114583334,7.2694455625000005
2021-10-27,50.516305708333334,77.38643347916667,17.173663541666667
2021-10-28,40.40222890416667,76.1517504375,19.002827208333333
2021-10-29,35.51425445,69.37797877083334,13.172754625000001
2021-10-30,52.87645954166666,54.12905652083333,-4.901272708333333
2021-10-31,39.81073225,54.50970910416667,9.728090354166666
2021-11-01,12.699169291666665,20.7870815,-2.3732565625
2021-11-02,31.905519770833333,58.258664875,7.6729945625000004
2021-11-03,40.098998625,69.74593191666666,11.886438520833332
2021-11-04,54.60722064583334,76.6382868125,3.07515075
2021-11-05,44.31740908333333,60.17075675,-0.9767999791666667
2021-11-06,30.856245312499997,22.503825625,-3.4110480625000004
2021-11-07,55.580432958333326,44.1640905625,1.9617036666666667
2021-11-08,34.422733125,58.05422004166667,1.1353775416666665
2021-11-09,17.598753583333334,42.945773124999995,-0.39326643750000007
2021-11-10,28.245022645833334,41.3624089375,9.422441020833334
2021-11-11,25.096086572916665,61.44958702083333,15.105530229166668
2021-11-12,12.533846437500001,35.5090953125,8.992470354166667
2021-11-13,12.9410204375,34.207358125,9.497373395833334
2021-11-14,8.445680208333334,21.514028874999997,4.526937354166667
2021-11-15,8.911847583333333,11.4525443125,5.322057979166667
2021-11-16,12.087161187500001,24.416374822916666,1.2528339375000004
2021-11-17,20.638981145833334,47.012036020833335,6.291748583333334
2021-11-18,11.332410729166668,30.1301409375,5.934005520833334
2021-11-19,24.424616458333333,40.71918010416667,6.313185625
2021-11-20,29.639194479166665,42.34309720833333,24.096947187500003
2021-11-21,18.301410333333333,55.86439764583333,23.208994
2021-11-22,14.859877333333335,56.37453689583333,25.282021041666667
2021-11-23,15.4741230625,24.582096270833333,14.780886541666666
2021-11-24,27.268989416666667,26.41708289583333,8.315651937500002
2021-11-25,12.919680639583333,47.384821708333334,19.5945559375
2021-11-26,13.726581958333334,49.404576812500004,24.637858374999997
2021-11-27,12.501495750000002,44.21799275,19.95424018125
2021-11-28,14.468385125,50.69443143749999,22.318351833333335
2021-11-29,13.567386020833334,59.037300458333334,22.716941354166664
2021-11-30,13.5476215625,58.346697041666665,21.838021458333333
2021-12-01,14.0928933625,57.6620213125,19.48386675
2021-12-02,12.273793315179168,42.19813633333333,14.687169916666667
2021-12-03,11.879146056458334,28.271018166666664,8.127566125
2021-12-04,6.439227229166666,16.52010329166667,7.180322520833333
2021-12-05,9.760253458333333,14.295573187499999,6.9919554999999995
2021-12-06,7.649858833333333,11.636941166666666,1.4087960208333332
2021-12-07,8.9588163125,15.059065520833334,5.024323083333333
2021-12-08,8.180299895833333,20.6156883125,4.525339104166666
2021-12-09,24.649804333333336,32.070697375,7.818448979166667
2021-12-10,22.806915372916666,26.30202489583333,19.6327305625
2021-12-11,16.359963208333333,32.58565775,10.527730833333335
2021-12-12,10.368816666666666,12.267266895833332,-13.103480958333334
2021-12-13,9.376110416666666,11.171603541666668,22.653887875
2021-12-14,28.5818406875,41.57312452083333,3.830729208333334
2021-12-15,31.5394980625,36.238039916666665,-23.570486250000002
2021-12-16,24.490758895833334,45.04636197916667,29.877444125
2021-12-17,16.20625222916667,26.035978458333332,13.31507325
2021-12-18,13.047893895833333,22.791280687500002,6.776098
2021-12-19,8.896034645833334,6.6917515624999995,4.073986333333333
2021-12-20,11.817718270833334,23.41126327083333,6.350261499999999
2021-12-21,13.058138541666667,19.684910979166666,5.761870270833334
2021-12-22,17.3109485625,35.226692104166666,-0.1403086041666665
2021-12-23,15.377492979166668,23.232075645833334,-9.729588333333334
2021-12-24,43.38211291666667,59.06749339583334,-4.5447714375
2021-12-25,20.69717875,9.387890458333333,-32.36557
2021-12-26,17.152440000000002,0.9990101041666666,-13.912129208333333
2021-12-27,35.778123125,38.04234489583333,-9.837159875
2021-12-28,23.382837916666663,36.43023670833333,4.335290875
2021-12-29,19.27603125,35.4405756875,-4.005547979166667
2021-12-30,26.8205858125,41.008008062500004,11.789059666666667
